id,Route,distance,angle,Z_1
2,Run2,0,22.6491273456719,165.250015258789
2,Run2,1,22.6491273456719,165.271011352539
2,Run2,2,22.6491273456719,165.269012451172
2,Run2,3,22.6491273456719,165.231002807617
2,Run2,4,22.6491273456719,165.219009399414
2,Run2,5,22.6491273456719,165.18701171875
2,Run2,6,22.6491273456719,165.172012329102
2,Run2,7,22.6491273456719,165.143005371094
2,Run2,8,22.6491273456719,165.112014770508
2,Run2,9,22.6491273456719,165.110000610352
2,Run2,10,22.6491273456719,165.126007080078
2,Run2,11,22.6491273456719,165.061004638672
2,Run2,12,22.6491273456719,165.033004760742
2,Run2,13,22.6491273456719,165.001007080078
2,Run2,14,22.6491273456719,164.997009277344
2,Run2,15,22.6491273456719,164.999008178711
2,Run2,16,22.6491273456719,164.935012817383
2,Run2,17,22.6491273456719,164.932006835938
2,Run2,18,22.6491273456719,164.886001586914
2,Run2,19,22.6491273456719,164.866012573242
2,Run2,20,22.6491273456719,164.863006591797
2,Run2,21,22.6491273456719,164.816009521484
2,Run2,22,22.6491273456719,164.807006835938
2,Run2,23,22.6491273456719,164.807006835938
2,Run2,24,22.6491273456719,164.756011962891
2,Run2,25,22.6491273456719,164.741012573242
2,Run2,26,22.6491273456719,164.727005004883
2,Run2,27,22.6491273456719,164.710006713867
2,Run2,28,22.6491273456719,164.682006835938
2,Run2,29,22.6491273456719,164.648010253906
2,Run2,30,22.6491273456719,164.629013061523
2,Run2,31,22.6491273456719,164.564010620117
2,Run2,32,22.6491273456719,164.577011108398
2,Run2,33,22.6491273456719,164.57600402832
2,Run2,34,22.6491273456719,164.521011352539
2,Run2,35,22.6491273456719,164.502014160156
2,Run2,36,22.6491273456719,164.502014160156
2,Run2,37,22.6491273456719,164.453002929688
2,Run2,38,22.6491273456719,164.463012695312
2,Run2,39,22.6491273456719,164.404006958008
2,Run2,40,22.6491273456719,164.394012451172
2,Run2,41,22.6491273456719,164.386001586914
2,Run2,42,22.6491273456719,164.32600402832
2,Run2,43,22.6491273456719,164.331008911133
2,Run2,44,22.6491273456719,164.290008544922
2,Run2,45,22.6491273456719,164.269012451172
2,Run2,46,22.6491273456719,164.260009765625
2,Run2,47,22.6491273456719,164.232009887695
2,Run2,48,22.6491273456719,164.207000732422
2,Run2,49,22.6491273456719,164.207000732422
2,Run2,50,22.6491273456719,164.181015014648
2,Run2,51,22.6491273456719,164.146011352539
2,Run2,52,22.6491273456719,164.123001098633
2,Run2,53,22.6491273456719,164.112014770508
2,Run2,54,22.6491273456719,164.091003417969
2,Run2,55,22.6491273456719,164.072006225586
2,Run2,56,22.6491273456719,164.057006835938
2,Run2,57,22.6491273456719,164.010009765625
2,Run2,58,22.6491273456719,163.990005493164
2,Run2,59,22.6491273456719,163.948013305664
2,Run2,60,22.6491273456719,163.920013427734
2,Run2,61,22.6491273456719,163.927001953125
2,Run2,62,22.6491273456719,163.927001953125
2,Run2,63,22.6491273456719,163.891006469727
2,Run2,64,22.6491273456719,163.847015380859
2,Run2,65,22.6491273456719,163.816009521484
2,Run2,66,22.6491273456719,163.814010620117
2,Run2,67,22.6491273456719,163.789001464844
2,Run2,68,22.6491273456719,163.743011474609
2,Run2,69,22.6491273456719,163.730010986328
2,Run2,70,22.6491273456719,163.650009155273
2,Run2,71,22.6491273456719,163.669006347656
2,Run2,72,22.6491273456719,163.620010375977
2,Run2,73,22.6491273456719,163.574005126953
2,Run2,74,22.6491273456719,163.618011474609
2,Run2,75,22.6491273456719,163.618011474609
2,Run2,76,22.6491273456719,163.551010131836
2,Run2,77,22.6491273456719,163.563003540039
2,Run2,78,22.6491273456719,163.491012573242
2,Run2,79,22.6491273456719,163.511001586914
2,Run2,80,22.6491273456719,163.498001098633
2,Run2,81,22.6491273456719,163.471008300781
2,Run2,82,22.6491273456719,163.460006713867
2,Run2,83,22.6491273456719,163.40901184082
2,Run2,84,22.6491273456719,163.405014038086
2,Run2,85,22.6491273456719,163.387008666992
2,Run2,86,22.6491273456719,163.336013793945
2,Run2,87,22.6491273456719,163.334014892578
2,Run2,88,22.6491273456719,163.334014892578
2,Run2,89,22.6491273456719,163.273010253906
2,Run2,90,22.6491273456719,163.303009033203
2,Run2,91,22.6491273456719,163.250015258789
2,Run2,92,22.6491273456719,163.232009887695
2,Run2,93,22.6491273456719,163.228012084961
2,Run2,94,22.6491273456719,163.190002441406
2,Run2,95,22.6491273456719,163.148010253906
2,Run2,96,22.6491273456719,163.124008178711
2,Run2,97,22.6491273456719,163.134002685547
2,Run2,98,22.6491273456719,163.112014770508
2,Run2,99,22.6491273456719,163.072006225586
2,Run2,100,22.6491273456719,163.061004638672
2,Run2,101,22.6491273456719,163.061004638672
2,Run2,102,22.6491273456719,163.011001586914
2,Run2,103,22.6491273456719,162.982009887695
2,Run2,104,22.6491273456719,162.899002075195
2,Run2,105,22.6491273456719,162.934005737305
2,Run2,106,22.6491273456719,162.916000366211
2,Run2,107,22.6491273456719,162.886001586914
2,Run2,108,22.6491273456719,162.906005859375
2,Run2,109,22.6491273456719,162.848007202148
2,Run2,110,22.6491273456719,162.834014892578
2,Run2,111,22.6491273456719,162.830001831055
2,Run2,112,22.6491273456719,162.792007446289
2,Run2,113,22.6491273456719,162.783004760742
2,Run2,114,22.6491273456719,162.783004760742
2,Run2,115,22.6491273456719,162.749008178711
2,Run2,116,22.6491273456719,162.731002807617
2,Run2,117,22.6491273456719,162.694000244141
2,Run2,118,22.6491273456719,162.72200012207
2,Run2,119,22.6491273456719,162.692001342773
2,Run2,120,22.6491273456719,162.68000793457
2,Run2,121,22.6491273456719,162.656005859375
2,Run2,122,22.6491273456719,162.636001586914
2,Run2,123,22.6491273456719,162.639007568359
2,Run2,124,22.6491273456719,162.645004272461
2,Run2,125,22.6491273456719,162.606002807617
2,Run2,126,22.6491273456719,162.592010498047
2,Run2,127,22.6491273456719,162.616012573242
2,Run2,128,22.6491273456719,162.553009033203
2,Run2,129,22.6491273456719,162.552001953125
2,Run2,130,22.6491273456719,162.513000488281
2,Run2,131,22.6491273456719,162.481002807617
2,Run2,132,22.6491273456719,162.500015258789
2,Run2,133,22.6491273456719,162.469009399414
2,Run2,134,22.6491273456719,162.446014404297
2,Run2,135,22.6491273456719,162.396011352539
2,Run2,136,22.6491273456719,162.351013183594
2,Run2,137,22.6491273456719,162.31201171875
2,Run2,138,22.6491273456719,162.233001708984
2,Run2,139,22.6491273456719,162.20100402832
2,Run2,140,22.6491273456719,162.220001220703
2,Run2,141,22.6491273456719,162.227005004883
2,Run2,142,22.6491273456719,162.22200012207
2,Run2,143,98.4785519735175,162.247009277344
2,Run2,144,98.4785519735175,162.275009155273
2,Run2,145,98.4785519735175,162.293014526367
2,Run2,146,98.4785519735175,162.338012695312
2,Run2,147,98.4785519735175,162.359008789062
2,Run2,148,98.4785519735175,162.390014648438
2,Run2,149,98.4785519735175,162.411010742188
2,Run2,150,98.4785519735175,162.414001464844
2,Run2,151,98.4785519735175,162.455001831055
2,Run2,152,98.4785519735175,162.464004516602
2,Run2,153,98.4785519735175,162.485000610352
2,Run2,154,98.4785519735175,162.513000488281
2,Run2,155,98.4785519735175,162.525009155273
2,Run2,156,98.4785519735175,162.537002563477
2,Run2,157,98.4785519735175,162.579010009766
2,Run2,158,98.4785519735175,162.595001220703
2,Run2,159,98.4785519735175,162.598007202148
2,Run2,160,98.4785519735175,162.638000488281
2,Run2,161,98.4785519735175,162.642013549805
2,Run2,162,98.4785519735175,162.674011230469
2,Run2,163,98.4785519735175,162.723007202148
2,Run2,164,98.4785519735175,162.754013061523
2,Run2,165,98.4785519735175,162.760009765625
2,Run2,166,98.4785519735175,162.800003051758
2,Run2,167,98.4785519735175,162.834014892578
2,Run2,168,98.4785519735175,162.869003295898
2,Run2,169,98.4785519735175,162.876007080078
2,Run2,170,98.4785519735175,162.946014404297
2,Run2,171,98.4785519735175,162.954010009766
2,Run2,172,98.4785519735175,162.98600769043
2,Run2,173,98.4785519735175,163.012008666992
2,Run2,174,98.4785519735175,163.041000366211
2,Run2,175,98.4785519735175,163.037002563477
2,Run2,176,98.4785519735175,163.118011474609
2,Run2,177,98.4785519735175,163.134002685547
2,Run2,178,98.4785519735175,163.179000854492
2,Run2,179,98.4785519735175,163.203002929688
2,Run2,180,98.4785519735175,163.198013305664
2,Run2,181,98.4785519735175,163.22900390625
2,Run2,182,98.4785519735175,163.264007568359
2,Run2,183,98.4785519735175,163.272003173828
2,Run2,184,98.4785519735175,163.334014892578
2,Run2,185,98.4785519735175,163.350006103516
2,Run2,186,98.4785519735175,163.383010864258
2,Run2,187,98.4785519735175,163.435012817383
2,Run2,188,98.4785519735175,163.481002807617
2,Run2,189,98.4785519735175,163.491012573242
2,Run2,190,98.4785519735175,163.521011352539
2,Run2,191,98.4785519735175,163.575012207031
2,Run2,192,98.4785519735175,163.598007202148
2,Run2,193,98.4785519735175,163.602005004883
2,Run2,194,98.4785519735175,163.665008544922
2,Run2,195,98.4785519735175,163.681015014648
2,Run2,196,98.4785519735175,163.738006591797
2,Run2,197,98.4785519735175,163.765014648438
2,Run2,198,98.4785519735175,163.791000366211
2,Run2,199,98.4785519735175,163.810012817383
2,Run2,200,98.4785519735175,163.850006103516
2,Run2,201,98.4785519735175,163.887008666992
2,Run2,202,98.4785519735175,163.919006347656
2,Run2,203,98.4785519735175,163.940002441406
2,Run2,204,98.4785519735175,164.010009765625
2,Run2,205,98.4785519735175,164.026000976562
2,Run2,206,98.4785519735175,164.030014038086
2,Run2,207,98.4785519735175,164.063003540039
2,Run2,208,98.4785519735175,164.089004516602
2,Run2,209,98.4785519735175,164.120010375977
2,Run2,210,98.4785519735175,164.158004760742
2,Run2,211,98.4785519735175,164.173004150391
2,Run2,212,98.4785519735175,164.217010498047
2,Run2,213,98.4785519735175,164.244003295898
2,Run2,214,98.4785519735175,164.251007080078
2,Run2,215,98.4785519735175,164.292007446289
2,Run2,216,98.4785519735175,164.335006713867
2,Run2,217,98.4785519735175,164.35400390625
2,Run2,218,98.4785519735175,164.402008056641
2,Run2,219,98.4785519735175,164.403015136719
2,Run2,220,98.4785519735175,164.443008422852
2,Run2,221,98.4785519735175,164.47900390625
2,Run2,222,98.4785519735175,164.513000488281
2,Run2,223,98.4785519735175,164.525009155273
2,Run2,224,98.4785519735175,164.566009521484
2,Run2,225,98.4785519735175,164.582000732422
2,Run2,226,98.4785519735175,164.636001586914
2,Run2,227,98.4785519735175,164.669006347656
2,Run2,228,98.4785519735175,164.692001342773
2,Run2,229,98.4785519735175,164.72900390625
2,Run2,230,98.4785519735175,164.755004882812
2,Run2,231,98.4785519735175,164.767013549805
2,Run2,232,98.4785519735175,164.820007324219
2,Run2,233,98.4785519735175,164.859008789062
2,Run2,234,98.4785519735175,164.872009277344
2,Run2,235,98.4785519735175,164.90901184082
2,Run2,236,98.4785519735175,164.940002441406
2,Run2,237,98.4785519735175,164.981002807617
2,Run2,238,98.4785519735175,165.001007080078
2,Run2,239,98.4785519735175,165.057006835938
2,Run2,240,98.4785519735175,165.082000732422
2,Run2,241,98.4785519735175,165.118011474609
2,Run2,242,98.4785519735175,165.122009277344
2,Run2,243,98.4785519735175,165.167007446289
2,Run2,244,98.4785519735175,165.213012695312
2,Run2,245,98.4785519735175,165.230010986328
2,Run2,246,98.4785519735175,165.268005371094
2,Run2,247,98.4785519735175,165.285003662109
2,Run2,248,98.4785519735175,165.328002929688
2,Run2,249,98.4785519735175,165.374008178711
2,Run2,250,98.4785519735175,165.349014282227
2,Run2,251,98.4785519735175,165.435012817383
2,Run2,252,98.4785519735175,165.460006713867
2,Run2,253,98.4785519735175,165.520004272461
2,Run2,254,98.4785519735175,165.521011352539
2,Run2,255,98.4785519735175,165.55500793457
2,Run2,256,98.4785519735175,165.589004516602
2,Run2,257,98.4785519735175,165.618011474609
2,Run2,258,98.4785519735175,165.670013427734
2,Run2,259,98.4785519735175,165.724014282227
2,Run2,260,98.4785519735175,165.741012573242
2,Run2,261,98.4785519735175,165.811004638672
2,Run2,262,98.4785519735175,165.774002075195
2,Run2,263,98.4785519735175,165.815002441406
2,Run2,264,98.4785519735175,165.85400390625
2,Run2,265,98.4785519735175,165.899002075195
2,Run2,266,98.4785519735175,165.925003051758
2,Run2,267,98.4785519735175,165.988006591797
2,Run2,268,98.4785519735175,166.057006835938
2,Run2,269,98.4785519735175,166.061004638672
2,Run2,270,98.4785519735175,166.065002441406
2,Run2,271,98.4785519735175,166.112014770508
2,Run2,272,98.4785519735175,166.112014770508
2,Run2,273,98.4785519735175,166.163009643555
2,Run2,274,98.4785519735175,166.183013916016
2,Run2,275,98.4785519735175,166.321014404297
2,Run2,276,98.4785519735175,166.332000732422
2,Run2,277,98.4785519735175,166.287002563477
2,Run2,278,98.4785519735175,166.336013793945
2,Run2,279,98.4785519735175,166.360000610352
2,Run2,280,98.4785519735175,166.403015136719
2,Run2,281,98.4785519735175,166.630004882812
2,Run2,282,98.4785519735175,166.601013183594
2,Run2,283,98.4785519735175,166.588012695312
2,Run2,284,98.4785519735175,166.587005615234
2,Run2,285,98.4785519735175,166.61100769043
2,Run2,286,98.4785519735175,166.640014648438
2,Run2,287,98.4785519735175,166.653015136719
2,Run2,288,98.4785519735175,166.878005981445
2,Run2,289,98.4785519735175,166.864013671875
2,Run2,290,98.4785519735175,166.877014160156
2,Run2,291,98.4785519735175,166.871002197266
2,Run2,292,98.4785519735175,166.863006591797
2,Run2,293,98.4785519735175,166.895004272461
2,Run2,294,98.4785519735175,166.935012817383
2,Run2,295,98.4785519735175,167.158004760742
2,Run2,296,98.4785519735175,167.15901184082
2,Run2,297,98.4785519735175,167.161010742188
2,Run2,298,98.4785519735175,167.150009155273
2,Run2,299,98.4785519735175,167.126007080078
2,Run2,300,98.4785519735175,167.172012329102
2,Run2,301,98.4785519735175,167.19401550293
2,Run2,302,98.4785519735175,167.447006225586
2,Run2,303,98.4785519735175,167.422012329102
2,Run2,304,98.4785519735175,167.374008178711
2,Run2,305,98.4785519735175,167.410003662109
2,Run2,306,98.4785519735175,167.441009521484
2,Run2,307,98.4785519735175,167.473007202148
2,Run2,308,98.4785519735175,167.705001831055
2,Run2,309,98.4785519735175,167.722015380859
2,Run2,310,98.4785519735175,167.661010742188
2,Run2,311,98.4785519735175,167.654006958008
2,Run2,312,98.4785519735175,167.686004638672
2,Run2,313,98.4785519735175,167.716003417969
2,Run2,314,98.4785519735175,167.745010375977
2,Run2,315,98.4785519735175,167.809005737305
2,Run2,316,98.4785519735175,167.85400390625
2,Run2,317,98.4785519735175,167.841003417969
2,Run2,318,98.4785519735175,167.919006347656
2,Run2,319,98.4785519735175,167.950012207031
2,Run2,320,98.4785519735175,168.030014038086
2,Run2,321,98.4785519735175,168.03401184082
2,Run2,322,98.4785519735175,168.063003540039
2,Run2,323,98.4785519735175,168.097015380859
2,Run2,324,98.4785519735175,168.153015136719
2,Run2,325,98.4785519735175,168.189010620117
2,Run2,326,98.4785519735175,168.205001831055
2,Run2,327,98.4785519735175,168.273010253906
2,Run2,328,98.4785519735175,168.302001953125
2,Run2,329,98.4785519735175,168.341003417969
2,Run2,330,98.4785519735175,168.370010375977
2,Run2,331,98.4785519735175,168.410003662109
2,Run2,332,98.4785519735175,168.472015380859
2,Run2,333,98.4785519735175,168.496002197266
2,Run2,334,98.4785519735175,168.539001464844
2,Run2,335,98.4785519735175,168.588012695312
2,Run2,336,98.4785519735175,168.627014160156
2,Run2,337,98.4785519735175,168.655014038086
2,Run2,338,98.4785519735175,168.684005737305
2,Run2,339,98.4785519735175,168.696014404297
2,Run2,340,98.4785519735175,168.776000976562
2,Run2,341,98.4785519735175,168.801010131836
2,Run2,342,98.4785519735175,168.868011474609
2,Run2,343,98.4785519735175,168.895004272461
2,Run2,344,98.4785519735175,168.929000854492
2,Run2,345,98.4785519735175,168.959014892578
2,Run2,346,98.4785519735175,168.993011474609
2,Run2,347,98.4785519735175,169.040008544922
2,Run2,348,98.4785519735175,169.074005126953
2,Run2,349,98.4785519735175,169.148010253906
2,Run2,350,98.4785519735175,169.171005249023
2,Run2,351,98.4785519735175,169.195007324219
2,Run2,352,98.4785519735175,169.234008789062
2,Run2,353,98.4785519735175,169.255004882812
2,Run2,354,98.4785519735175,169.308013916016
2,Run2,355,98.4785519735175,169.344009399414
2,Run2,356,98.4785519735175,169.408004760742
2,Run2,357,98.4785519735175,169.440002441406
2,Run2,358,98.4785519735175,169.485000610352
2,Run2,359,98.4785519735175,169.530014038086
2,Run2,360,98.4785519735175,169.543014526367
2,Run2,361,98.4785519735175,169.594009399414
2,Run2,362,98.4785519735175,169.631011962891
2,Run2,363,98.4785519735175,169.781005859375
2,Run2,364,98.4785519735175,169.693008422852
2,Run2,365,98.4785519735175,169.748001098633
2,Run2,366,98.4785519735175,169.767013549805
2,Run2,367,98.4785519735175,169.769012451172
2,Run2,368,98.4785519735175,169.821014404297
2,Run2,369,98.4785519735175,169.910003662109
2,Run2,370,98.4785519735175,169.970001220703
2,Run2,371,98.4785519735175,169.970001220703
2,Run2,372,98.4785519735175,170.025009155273
2,Run2,373,98.4785519735175,170.046005249023
2,Run2,374,97.6826721520852,170.067001342773
2,Run2,375,97.6826721520852,170.11100769043
2,Run2,376,97.6826721520852,170.209014892578
2,Run2,377,97.6826721520852,170.254013061523
2,Run2,378,97.6826721520852,170.263000488281
2,Run2,379,97.6826721520852,170.304000854492
2,Run2,380,97.6826721520852,170.327011108398
2,Run2,381,97.6826721520852,170.387008666992
2,Run2,382,97.6826721520852,170.400009155273
2,Run2,383,97.6826721520852,170.427001953125
2,Run2,384,97.6826721520852,170.634002685547
2,Run2,385,97.6826721520852,170.572006225586
2,Run2,386,97.6826721520852,170.618011474609
2,Run2,387,97.6826721520852,170.645004272461
2,Run2,388,97.6826721520852,170.65901184082
2,Run2,389,97.6826721520852,170.728012084961
2,Run2,390,97.6826721520852,170.759002685547
2,Run2,391,97.6826721520852,170.841003417969
2,Run2,392,97.6826721520852,170.923004150391
2,Run2,393,97.6826721520852,170.897003173828
2,Run2,394,97.6826721520852,170.924011230469
2,Run2,395,97.6826721520852,170.966003417969
2,Run2,396,97.6826721520852,171.106002807617
2,Run2,397,97.6826721520852,171.242004394531
2,Run2,398,97.6826721520852,171.293014526367
2,Run2,399,97.6826721520852,171.34001159668
2,Run2,400,97.6826721520852,171.362014770508
2,Run2,401,97.6826721520852,171.32600402832
2,Run2,402,97.6826721520852,171.38200378418
2,Run2,403,97.6826721520852,171.405014038086
2,Run2,404,97.6826721520852,171.455001831055
2,Run2,405,97.6826721520852,171.48600769043
2,Run2,406,97.6826721520852,171.552001953125
2,Run2,407,97.6826721520852,171.598007202148
2,Run2,408,97.6826721520852,171.636001586914
2,Run2,409,97.6826721520852,171.702011108398
2,Run2,410,97.6826721520852,171.751007080078
2,Run2,411,97.6826721520852,171.76301574707
2,Run2,412,97.6826721520852,171.849014282227
2,Run2,413,97.6826721520852,171.844009399414
2,Run2,414,97.6826721520852,171.992004394531
2,Run2,415,97.6826721520852,172.000015258789
2,Run2,416,97.6826721520852,172.024002075195
2,Run2,417,97.6826721520852,172.059005737305
2,Run2,418,97.6826721520852,172.118011474609
2,Run2,419,97.6826721520852,172.126007080078
2,Run2,420,97.6826721520852,172.203002929688
2,Run2,421,97.6826721520852,172.280014038086
2,Run2,422,97.6826721520852,172.307006835938
2,Run2,423,97.6826721520852,172.329010009766
2,Run2,424,97.6826721520852,172.394012451172
2,Run2,425,97.6826721520852,172.441009521484
2,Run2,426,97.6826721520852,172.482009887695
2,Run2,427,97.6826721520852,172.537002563477
2,Run2,428,97.6826721520852,172.584014892578
2,Run2,429,97.6826721520852,172.656005859375
2,Run2,430,97.6826721520852,172.690002441406
2,Run2,431,97.6826721520852,172.722015380859
2,Run2,432,97.6826721520852,172.760009765625
2,Run2,433,97.6826721520852,172.786010742188
2,Run2,434,97.6826721520852,172.834014892578
2,Run2,435,97.6826721520852,172.881011962891
2,Run2,436,97.6826721520852,172.996002197266
2,Run2,437,97.6826721520852,173.046005249023
2,Run2,438,97.6826721520852,173.088012695312
2,Run2,439,97.6826721520852,173.049011230469
2,Run2,440,97.6826721520852,173.11100769043
2,Run2,441,97.6826721520852,173.161010742188
2,Run2,442,97.6826721520852,173.190002441406
2,Run2,443,97.6826721520852,173.276000976562
2,Run2,444,97.6826721520852,173.369003295898
2,Run2,445,97.6826721520852,173.414001464844
2,Run2,446,97.6826721520852,173.414001464844
2,Run2,447,97.6826721520852,173.45100402832
2,Run2,448,97.6826721520852,173.502014160156
2,Run2,449,97.6826721520852,173.543014526367
2,Run2,450,97.6826721520852,173.571014404297
2,Run2,451,97.6826721520852,173.68701171875
2,Run2,452,97.6826721520852,173.722015380859
2,Run2,453,97.6826721520852,173.730010986328
2,Run2,454,97.6826721520852,173.795013427734
2,Run2,455,97.6826721520852,173.816009521484
2,Run2,456,97.6826721520852,173.871002197266
2,Run2,457,97.6826721520852,173.907012939453
2,Run2,458,97.6826721520852,173.954010009766
2,Run2,459,97.6826721520852,174.041015625
2,Run2,460,97.6826721520852,174.157012939453
2,Run2,461,97.6826721520852,174.174011230469
2,Run2,462,97.6826721520852,174.203002929688
2,Run2,463,97.6826721520852,174.2080078125
2,Run2,464,97.6826721520852,174.273010253906
2,Run2,465,97.6826721520852,174.320007324219
2,Run2,466,97.6826721520852,174.461013793945
2,Run2,467,97.6826721520852,174.466003417969
2,Run2,468,97.6826721520852,174.457000732422
2,Run2,469,97.6826721520852,174.503005981445
2,Run2,470,97.6826721520852,174.544006347656
2,Run2,471,97.6826721520852,174.573013305664
2,Run2,472,97.6826721520852,174.573013305664
2,Run2,473,97.6826721520852,174.641006469727
2,Run2,474,97.6826721520852,174.746002197266
2,Run2,475,97.6826721520852,174.764007568359
2,Run2,476,97.6826721520852,174.810012817383
2,Run2,477,97.6826721520852,174.8330078125
2,Run2,478,97.6826721520852,174.866012573242
2,Run2,479,97.6826721520852,174.936004638672
2,Run2,480,97.6826721520852,174.954010009766
2,Run2,481,97.6826721520852,175.0830078125
2,Run2,482,97.6826721520852,175.098007202148
2,Run2,483,97.6826721520852,175.135009765625
2,Run2,484,97.6826721520852,175.161010742188
2,Run2,485,97.6826721520852,175.211013793945
2,Run2,486,97.6826721520852,175.251007080078
2,Run2,487,97.6826721520852,175.286010742188
2,Run2,488,97.6826721520852,175.334014892578
2,Run2,489,97.6826721520852,175.431015014648
2,Run2,490,97.6826721520852,175.463012695312
2,Run2,491,97.6826721520852,175.489013671875
2,Run2,492,97.6826721520852,175.522003173828
2,Run2,493,97.6826721520852,175.560012817383
2,Run2,494,97.6826721520852,175.574005126953
2,Run2,495,97.6826721520852,175.640014648438
2,Run2,496,97.6826721520852,175.725006103516
2,Run2,497,97.6826721520852,175.740005493164
2,Run2,498,97.6826721520852,175.791015625
2,Run2,499,97.6826721520852,175.814010620117
2,Run2,500,97.6826721520852,175.866012573242
2,Run2,501,97.6826721520852,175.881011962891
2,Run2,502,97.6826721520852,175.953002929688
2,Run2,503,97.6826721520852,175.981002807617
2,Run2,504,97.6826721520852,176.032012939453
2,Run2,505,97.6826721520852,176.089004516602
2,Run2,506,97.6826721520852,176.129013061523
2,Run2,507,97.6826721520852,176.155014038086
2,Run2,508,97.6826721520852,176.200012207031
2,Run2,509,97.6826721520852,176.226013183594
2,Run2,510,97.6826721520852,176.240005493164
2,Run2,511,97.6826721520852,176.386001586914
2,Run2,512,97.6826721520852,176.43701171875
2,Run2,513,97.6826721520852,176.463012695312
2,Run2,514,97.6826721520852,176.455001831055
2,Run2,515,97.6826721520852,176.47900390625
2,Run2,516,97.6826721520852,176.517013549805
2,Run2,517,97.6826721520852,176.561004638672
2,Run2,518,97.6826721520852,176.608001708984
2,Run2,519,97.6826721520852,176.689010620117
2,Run2,520,97.6826721520852,176.706008911133
2,Run2,521,97.6826721520852,176.739013671875
2,Run2,522,97.6826721520852,176.783004760742
2,Run2,523,97.6826721520852,176.817001342773
2,Run2,524,97.6826721520852,176.863006591797
2,Run2,525,97.6826721520852,176.899002075195
2,Run2,526,97.6826721520852,176.969009399414
2,Run2,527,97.6826721520852,177.012008666992
2,Run2,528,97.6826721520852,177.049011230469
2,Run2,529,97.6826721520852,177.092010498047
2,Run2,530,97.6826721520852,177.131011962891
2,Run2,531,97.6826721520852,177.164001464844
2,Run2,532,97.6826721520852,177.209014892578
2,Run2,533,97.6826721520852,177.268005371094
2,Run2,534,97.6826721520852,177.359008789062
2,Run2,535,97.6826721520852,177.414001464844
2,Run2,536,97.6826721520852,177.431015014648
2,Run2,537,96.7889745747669,177.472015380859
2,Run2,538,96.7889745747669,177.532012939453
2,Run2,539,96.7889745747669,177.563003540039
2,Run2,540,96.7889745747669,177.602005004883
2,Run2,541,96.7889745747669,177.639007568359
2,Run2,542,96.7889745747669,177.714004516602
2,Run2,543,96.7889745747669,177.748001098633
2,Run2,544,96.7889745747669,177.777008056641
2,Run2,545,96.7889745747669,177.811004638672
2,Run2,546,96.7889745747669,177.839004516602
2,Run2,547,96.7889745747669,177.868011474609
2,Run2,548,96.7889745747669,177.927001953125
2,Run2,549,96.7889745747669,177.935012817383
2,Run2,550,96.7889745747669,177.983001708984
2,Run2,551,96.7889745747669,178.018005371094
2,Run2,552,96.7889745747669,178.051010131836
2,Run2,553,96.7889745747669,178.10400390625
2,Run2,554,96.7889745747669,178.135009765625
2,Run2,555,96.7889745747669,178.18701171875
2,Run2,556,96.7889745747669,178.221008300781
2,Run2,557,96.7889745747669,178.273010253906
2,Run2,558,96.7889745747669,178.337005615234
2,Run2,559,96.7889745747669,178.38200378418
2,Run2,560,96.7889745747669,178.405014038086
2,Run2,561,96.7889745747669,178.476013183594
2,Run2,562,96.7889745747669,178.516006469727
2,Run2,563,96.7889745747669,178.524002075195
2,Run2,564,96.7889745747669,178.57600402832
2,Run2,565,96.7889745747669,178.620010375977
2,Run2,566,96.7889745747669,178.658004760742
2,Run2,567,96.7889745747669,178.728012084961
2,Run2,568,96.7889745747669,178.768005371094
2,Run2,569,96.7889745747669,178.80500793457
2,Run2,570,96.7889745747669,178.815002441406
2,Run2,571,96.7889745747669,178.884002685547
2,Run2,572,96.7889745747669,178.890014648438
2,Run2,573,96.7889745747669,178.936004638672
2,Run2,574,96.7889745747669,178.969009399414
2,Run2,575,96.7889745747669,179.026000976562
2,Run2,576,96.7889745747669,179.067001342773
2,Run2,577,96.7889745747669,179.099014282227
2,Run2,578,96.7889745747669,179.118011474609
2,Run2,579,96.7889745747669,179.174011230469
2,Run2,580,96.7889745747669,179.206008911133
2,Run2,581,96.7889745747669,179.22900390625
2,Run2,582,96.7889745747669,179.277008056641
2,Run2,583,96.7889745747669,179.32600402832
2,Run2,584,96.7889745747669,179.367004394531
2,Run2,585,96.7889745747669,179.389007568359
2,Run2,586,96.7889745747669,179.423004150391
2,Run2,587,96.7889745747669,179.45100402832
2,Run2,588,96.7889745747669,179.488006591797
2,Run2,589,96.7889745747669,179.525009155273
2,Run2,590,96.7889745747669,179.567001342773
2,Run2,591,96.7889745747669,179.600006103516
2,Run2,592,96.7889745747669,179.627014160156
2,Run2,593,96.7889745747669,179.653015136719
2,Run2,594,96.7889745747669,179.69401550293
2,Run2,595,96.7889745747669,179.73600769043
2,Run2,596,96.7889745747669,179.740005493164
2,Run2,597,14.0362434681633,179.740005493164
2,Run2,598,14.0362434681633,179.770004272461
2,Run2,599,14.0362434681633,179.759002685547
2,Run2,600,14.0362434681633,179.743011474609
2,Run2,601,14.0362434681633,179.743011474609
2,Run2,602,14.0362434681633,179.762008666992
2,Run2,603,14.0362434681633,179.759002685547
2,Run2,604,14.0362434681633,179.753005981445
2,Run2,605,14.0362434681633,179.746002197266
2,Run2,606,14.0362434681633,179.712005615234
2,Run2,607,14.0362434681633,179.752014160156
2,Run2,608,14.0362434681633,179.733001708984
2,Run2,609,14.0362434681633,179.752014160156
2,Run2,610,14.0362434681633,179.790008544922
2,Run2,611,100.218264321118,179.851013183594
2,Run2,612,100.218264321118,179.845001220703
2,Run2,613,100.218264321118,179.881011962891
2,Run2,614,100.218264321118,179.907012939453
2,Run2,615,100.218264321118,179.907012939453
2,Run2,616,100.218264321118,179.996002197266
2,Run2,617,100.218264321118,180.09001159668
2,Run2,618,100.218264321118,180.179016113281
2,Run2,619,100.218264321118,180.221008300781
2,Run2,620,100.218264321118,180.166015625
2,Run2,621,100.218264321118,180.22900390625
2,Run2,622,100.218264321118,180.294006347656
2,Run2,623,100.218264321118,180.341003417969
2,Run2,624,100.218264321118,180.370010375977
2,Run2,625,100.218264321118,180.419006347656
2,Run2,626,100.218264321118,180.287002563477
2,Run2,627,100.218264321118,180.416015625
2,Run2,628,100.218264321118,180.456008911133
2,Run2,629,100.218264321118,180.504013061523
2,Run2,630,100.218264321118,180.567001342773
2,Run2,631,100.218264321118,180.609008789062
2,Run2,632,100.218264321118,180.478012084961
2,Run2,633,100.218264321118,180.505004882812
2,Run2,634,100.218264321118,180.623001098633
2,Run2,635,100.218264321118,180.683013916016
2,Run2,636,100.218264321118,180.760009765625
2,Run2,637,100.218264321118,180.645004272461
2,Run2,638,100.218264321118,180.65901184082
2,Run2,639,100.218264321118,180.666015625
2,Run2,640,100.218264321118,180.747009277344
2,Run2,641,100.218264321118,180.779006958008
2,Run2,642,100.218264321118,180.816009521484
2,Run2,643,100.218264321118,180.816009521484
2,Run2,644,100.218264321118,180.834014892578
2,Run2,645,100.218264321118,180.879013061523
2,Run2,646,100.218264321118,180.916015625
2,Run2,647,100.218264321118,180.947006225586
2,Run2,648,100.218264321118,180.993011474609
2,Run2,649,100.218264321118,181.004013061523
2,Run2,650,100.218264321118,181.03401184082
2,Run2,651,100.218264321118,181.071014404297
2,Run2,652,100.218264321118,181.071014404297
2,Run2,653,100.218264321118,181.113006591797
2,Run2,654,100.218264321118,181.144012451172
2,Run2,655,100.218264321118,181.18701171875
2,Run2,656,100.218264321118,181.197006225586
2,Run2,657,100.218264321118,181.235015869141
2,Run2,658,100.218264321118,181.269012451172
2,Run2,659,100.218264321118,181.286010742188
2,Run2,660,100.218264321118,181.34001159668
2,Run2,661,100.218264321118,181.356002807617
2,Run2,662,100.218264321118,181.379013061523
2,Run2,663,100.218264321118,181.403015136719
2,Run2,664,100.218264321118,181.423004150391
2,Run2,665,100.218264321118,181.441009521484
2,Run2,666,100.218264321118,181.471008300781
2,Run2,667,111.124719145873,181.48600769043
2,Run2,668,111.124719145873,181.519012451172
2,Run2,669,111.124719145873,181.521011352539
2,Run2,670,111.124719145873,181.535003662109
2,Run2,671,111.124719145873,181.543014526367
2,Run2,672,111.124719145873,181.568008422852
2,Run2,673,111.124719145873,181.584014892578
2,Run2,674,111.124719145873,181.599014282227
2,Run2,675,111.124719145873,181.595001220703
2,Run2,676,111.124719145873,181.619003295898
2,Run2,677,111.124719145873,181.636001586914
2,Run2,678,111.124719145873,181.636001586914
2,Run2,679,111.124719145873,181.646011352539
2,Run2,680,111.124719145873,181.651016235352
2,Run2,681,111.124719145873,181.670013427734
2,Run2,682,111.124719145873,181.689010620117
2,Run2,683,111.124719145873,181.68701171875
2,Run2,684,111.124719145873,181.692001342773
2,Run2,685,111.124719145873,181.71501159668
2,Run2,686,111.124719145873,181.71501159668
2,Run2,687,111.124719145873,181.739013671875
2,Run2,688,111.124719145873,181.755004882812
2,Run2,689,111.124719145873,181.774002075195
2,Run2,690,111.124719145873,181.801010131836
2,Run2,691,111.124719145873,181.78401184082
2,Run2,692,111.124719145873,181.838012695312
2,Run2,693,111.124719145873,181.838012695312
2,Run2,694,111.124719145873,181.828002929688
2,Run2,695,111.124719145873,181.853012084961
2,Run2,696,111.124719145873,181.88200378418
2,Run2,697,111.124719145873,181.889007568359
2,Run2,698,111.124719145873,181.912002563477
2,Run2,699,111.124719145873,181.931015014648
2,Run2,700,111.124719145873,181.923004150391
2,Run2,701,111.124719145873,181.942001342773
2,Run2,702,111.124719145873,181.933013916016
2,Run2,703,111.124719145873,181.953002929688
2,Run2,704,111.124719145873,181.971008300781
2,Run2,705,111.124719145873,181.955001831055
2,Run2,706,111.124719145873,181.964004516602
2,Run2,707,111.124719145873,181.975006103516
2,Run2,708,111.124719145873,181.957015991211
2,Run2,709,111.124719145873,181.961013793945
2,Run2,710,111.124719145873,181.974014282227
2,Run2,711,111.124719145873,181.968002319336
2,Run2,712,30.5792268729551,181.990005493164
2,Run2,713,30.5792268729551,182.000015258789
2,Run2,714,30.5792268729551,182.023010253906
2,Run2,715,30.5792268729551,182.023010253906
2,Run2,716,30.5792268729551,182.064010620117
2,Run2,717,30.5792268729551,182.080001831055
2,Run2,718,30.5792268729551,182.126007080078
2,Run2,719,30.5792268729551,182.141006469727
2,Run2,720,30.5792268729551,182.176010131836
2,Run2,721,30.5792268729551,182.190002441406
2,Run2,722,30.5792268729551,182.246002197266
2,Run2,723,30.5792268729551,182.246002197266
2,Run2,724,30.5792268729551,182.286010742188
2,Run2,725,30.5792268729551,182.306015014648
2,Run2,726,30.5792268729551,182.350006103516
2,Run2,727,30.5792268729551,182.368011474609
2,Run2,728,30.5792268729551,182.424011230469
2,Run2,729,30.5792268729551,182.434005737305
2,Run2,730,30.5792268729551,182.454010009766
2,Run2,731,30.5792268729551,182.482009887695
2,Run2,732,30.5792268729551,182.533004760742
2,Run2,733,30.5792268729551,182.59001159668
2,Run2,734,30.5792268729551,182.610015869141
2,Run2,735,30.5792268729551,182.643005371094
2,Run2,736,30.5792268729551,182.699005126953
2,Run2,737,30.5792268729551,182.721008300781
2,Run2,738,30.5792268729551,182.728012084961
2,Run2,739,30.5792268729551,182.796005249023
2,Run2,740,30.5792268729551,182.834014892578
2,Run2,741,30.5792268729551,182.871002197266
2,Run2,742,122.275644311509,182.871002197266
2,Run2,743,122.275644311509,182.890014648438
2,Run2,744,122.275644311509,182.901016235352
2,Run2,745,122.275644311509,182.880004882812
2,Run2,746,122.275644311509,182.883010864258
2,Run2,747,122.275644311509,182.851013183594
2,Run2,748,122.275644311509,182.851013183594
2,Run2,749,122.275644311509,182.798004150391
2,Run2,750,122.275644311509,182.793014526367
2,Run2,751,122.275644311509,182.825012207031
2,Run2,752,122.275644311509,182.855010986328
2,Run2,753,32.9977051012664,182.851013183594
2,Run2,754,32.9977051012664,182.897003173828
2,Run2,755,32.9977051012664,182.913009643555
2,Run2,756,32.9977051012664,182.975006103516
2,Run2,757,32.9977051012664,183.002014160156
2,Run2,758,32.9977051012664,183.06201171875
2,Run2,759,32.9977051012664,183.096008300781
2,Run2,760,32.9977051012664,183.130004882812
2,Run2,761,32.9977051012664,183.175003051758
2,Run2,762,32.9977051012664,183.191009521484
2,Run2,763,32.9977051012664,183.252014160156
2,Run2,764,32.9977051012664,183.247009277344
2,Run2,765,32.9977051012664,183.295013427734
2,Run2,766,32.9977051012664,183.31901550293
2,Run2,767,32.9977051012664,183.422012329102
2,Run2,768,32.9977051012664,183.395004272461
2,Run2,769,32.9977051012664,183.477005004883
2,Run2,770,32.9977051012664,183.566009521484
2,Run2,771,32.9977051012664,183.566009521484
2,Run2,772,32.9977051012664,183.627014160156
2,Run2,773,32.9977051012664,183.635009765625
2,Run2,774,32.9977051012664,183.679016113281
2,Run2,775,32.9977051012664,183.655014038086
2,Run2,776,32.9977051012664,183.749008178711
2,Run2,777,32.9977051012664,183.749008178711
2,Run2,778,32.9977051012664,183.770004272461
2,Run2,779,32.9977051012664,183.799011230469
2,Run2,780,32.9977051012664,183.865005493164
2,Run2,781,32.9977051012664,183.921005249023
2,Run2,782,32.9977051012664,183.913009643555
2,Run2,783,32.9977051012664,183.970001220703
2,Run2,784,32.9977051012664,183.971008300781
2,Run2,785,32.9977051012664,184.026016235352
2,Run2,786,32.9977051012664,184.051010131836
2,Run2,787,32.9977051012664,184.127014160156
2,Run2,788,32.9977051012664,184.147003173828
2,Run2,789,32.9977051012664,184.218002319336
2,Run2,790,32.9977051012664,184.218002319336
2,Run2,791,32.9977051012664,184.266006469727
2,Run2,792,32.9977051012664,184.380004882812
2,Run2,793,32.9977051012664,184.367004394531
2,Run2,794,32.9977051012664,184.421005249023
2,Run2,795,32.9977051012664,184.4580078125
2,Run2,796,41.1859251667071,184.505004882812
2,Run2,797,41.1859251667071,184.492004394531
2,Run2,798,41.1859251667071,184.567001342773
2,Run2,799,41.1859251667071,184.593002319336
2,Run2,800,41.1859251667071,184.593002319336
2,Run2,801,41.1859251667071,184.666015625
2,Run2,802,41.1859251667071,184.71501159668
2,Run2,803,41.1859251667071,184.726013183594
2,Run2,804,41.1859251667071,184.767013549805
2,Run2,805,41.1859251667071,184.847015380859
2,Run2,806,41.1859251667071,184.831008911133
2,Run2,807,41.1859251667071,184.88200378418
2,Run2,808,41.1859251667071,184.960006713867
2,Run2,809,41.1859251667071,184.941009521484
2,Run2,810,41.1859251667071,184.985015869141
2,Run2,811,63.4349488219156,185.045013427734
2,Run2,812,63.4349488219156,185.084014892578
2,Run2,813,63.4349488219156,185.131011962891
2,Run2,814,63.4349488219156,185.122009277344
2,Run2,815,63.4349488219156,185.163009643555
2,Run2,816,63.4349488219156,185.172012329102
2,Run2,817,63.4349488219156,185.161010742188
2,Run2,818,73.6639571104223,185.216003417969
2,Run2,819,73.6639571104223,185.20100402832
2,Run2,820,73.6639571104223,185.199005126953
2,Run2,821,73.6639571104223,185.210006713867
2,Run2,822,73.6639571104223,185.224014282227
2,Run2,823,73.6639571104223,185.228012084961
2,Run2,824,73.6639571104223,185.198013305664
2,Run2,825,73.6639571104223,185.249008178711
2,Run2,826,73.6639571104223,185.245010375977
2,Run2,827,73.6639571104223,185.232009887695
2,Run2,828,73.6639571104223,185.248016357422
2,Run2,829,73.6639571104223,185.264007568359
2,Run2,830,73.6639571104223,185.316009521484
2,Run2,831,73.6639571104223,185.316009521484
2,Run2,832,73.6639571104223,185.285003662109
2,Run2,833,73.6639571104223,185.295013427734
2,Run2,834,73.6639571104223,185.304016113281
2,Run2,835,73.6639571104223,185.283004760742
2,Run2,836,73.6639571104223,185.31901550293
2,Run2,837,73.6639571104223,185.320007324219
2,Run2,838,73.6639571104223,185.317001342773
2,Run2,839,73.6639571104223,185.36100769043
2,Run2,840,73.6639571104223,185.337005615234
2,Run2,841,73.6639571104223,185.31201171875
2,Run2,842,73.6639571104223,185.308013916016
2,Run2,843,73.6639571104223,185.344009399414
2,Run2,844,73.6639571104223,185.381011962891
2,Run2,845,73.6639571104223,185.371002197266
2,Run2,846,73.6639571104223,185.389007568359
2,Run2,847,73.6639571104223,185.345001220703
2,Run2,848,73.6639571104223,185.339004516602
2,Run2,849,73.6639571104223,185.351013183594
2,Run2,850,73.6639571104223,185.368011474609
2,Run2,851,73.6639571104223,185.375015258789
2,Run2,852,73.6639571104223,185.364013671875
2,Run2,853,73.6639571104223,185.372009277344
2,Run2,854,73.6639571104223,185.385009765625
2,Run2,855,73.6639571104223,185.374008178711
2,Run2,856,73.6639571104223,185.374008178711
2,Run2,857,73.6639571104223,185.408004760742
2,Run2,858,73.6639571104223,185.397003173828
2,Run2,859,73.6639571104223,185.401016235352
2,Run2,860,73.6639571104223,185.389007568359
2,Run2,861,73.6639571104223,185.415008544922
2,Run2,862,73.6639571104223,185.394012451172
2,Run2,863,73.6639571104223,185.404006958008
2,Run2,864,73.6639571104223,185.406005859375
2,Run2,865,73.6639571104223,185.419006347656
2,Run2,866,73.6639571104223,185.427001953125
2,Run2,867,73.6639571104223,185.425003051758
2,Run2,868,73.6639571104223,185.422012329102
2,Run2,869,73.6639571104223,185.435012817383
2,Run2,870,73.6639571104223,185.441009521484
2,Run2,871,73.6639571104223,185.459014892578
2,Run2,872,73.6639571104223,185.454010009766
2,Run2,873,73.6639571104223,185.453002929688
2,Run2,874,73.6639571104223,185.448013305664
2,Run2,875,73.6639571104223,185.477005004883
2,Run2,876,74.5415784030071,185.46501159668
2,Run2,877,74.5415784030071,185.470001220703
2,Run2,878,74.5415784030071,185.477005004883
2,Run2,879,74.5415784030071,185.51301574707
2,Run2,880,74.5415784030071,185.470001220703
2,Run2,881,74.5415784030071,185.503005981445
2,Run2,882,74.5415784030071,185.528015136719
2,Run2,883,74.5415784030071,185.515014648438
2,Run2,884,74.5415784030071,185.51301574707
2,Run2,885,74.5415784030071,185.518005371094
2,Run2,886,74.5415784030071,185.544006347656
2,Run2,887,74.5415784030071,185.547012329102
2,Run2,888,74.5415784030071,185.524002075195
2,Run2,889,74.5415784030071,185.536010742188
2,Run2,890,74.5415784030071,185.559005737305
2,Run2,891,74.5415784030071,185.552001953125
2,Run2,892,74.5415784030071,185.545013427734
2,Run2,893,74.5415784030071,185.557006835938
2,Run2,894,74.5415784030071,185.568008422852
2,Run2,895,74.5415784030071,185.587005615234
2,Run2,896,74.5415784030071,185.59001159668
2,Run2,897,74.5415784030071,185.597015380859
2,Run2,898,74.5415784030071,185.588012695312
2,Run2,899,74.5415784030071,185.600006103516
2,Run2,900,74.5415784030071,185.605010986328
2,Run2,901,74.5415784030071,185.606002807617
2,Run2,902,74.5415784030071,185.608001708984
2,Run2,903,74.5415784030071,185.636001586914
2,Run2,904,74.5415784030071,185.650009155273
2,Run2,905,74.5415784030071,185.619003295898
2,Run2,906,74.5415784030071,185.63801574707
2,Run2,907,74.5415784030071,185.663009643555
2,Run2,908,74.5415784030071,185.682006835938
2,Run2,909,74.5415784030071,185.671005249023
2,Run2,910,74.5415784030071,185.658004760742
2,Run2,911,74.5415784030071,185.681015014648
2,Run2,912,74.5415784030071,185.682006835938
2,Run2,913,74.5415784030071,185.646011352539
2,Run2,914,74.5415784030071,185.690002441406
2,Run2,915,74.5415784030071,185.709014892578
2,Run2,916,74.5415784030071,185.674011230469
2,Run2,917,74.5415784030071,185.684005737305
2,Run2,918,74.5415784030071,185.72900390625
2,Run2,919,74.5415784030071,185.738006591797
2,Run2,920,74.5415784030071,185.68701171875
2,Run2,921,74.5415784030071,185.710006713867
2,Run2,922,74.5415784030071,185.753005981445
2,Run2,923,74.5415784030071,185.769012451172
2,Run2,924,74.5415784030071,185.723007202148
2,Run2,925,74.5415784030071,185.762008666992
2,Run2,926,74.5415784030071,185.781005859375
2,Run2,927,74.5415784030071,185.740005493164
2,Run2,928,74.5415784030071,185.754013061523
2,Run2,929,74.5415784030071,185.787002563477
2,Run2,930,74.5415784030071,185.818008422852
2,Run2,931,74.5415784030071,185.760009765625
2,Run2,932,74.5415784030071,185.799011230469
2,Run2,933,74.5415784030071,185.828002929688
2,Run2,934,74.5415784030071,185.846008300781
2,Run2,935,74.5415784030071,185.803009033203
2,Run2,936,74.5415784030071,185.842010498047
2,Run2,937,74.5415784030071,185.842010498047
2,Run2,938,74.5415784030071,185.85400390625
2,Run2,939,74.5415784030071,185.823013305664
2,Run2,940,74.5415784030071,185.848007202148
2,Run2,941,74.5415784030071,185.862014770508
2,Run2,942,74.5415784030071,185.831008911133
2,Run2,943,74.5415784030071,185.855010986328
2,Run2,944,74.5415784030071,185.88200378418
2,Run2,945,74.5415784030071,185.889007568359
2,Run2,946,74.5415784030071,185.851013183594
2,Run2,947,74.5415784030071,185.873016357422
2,Run2,948,74.5415784030071,185.904006958008
2,Run2,949,74.5415784030071,185.910003662109
2,Run2,950,74.5415784030071,185.894012451172
2,Run2,951,74.5415784030071,185.904006958008
2,Run2,952,74.5415784030071,185.925003051758
2,Run2,953,74.5415784030071,185.927001953125
2,Run2,954,74.5415784030071,185.886001586914
2,Run2,955,74.5415784030071,185.903015136719
2,Run2,956,74.5415784030071,185.911010742188
2,Run2,957,74.5415784030071,185.872009277344
2,Run2,958,74.5415784030071,185.896011352539
2,Run2,959,74.5415784030071,185.893005371094
2,Run2,960,74.5415784030071,185.904006958008
2,Run2,961,74.5415784030071,185.869003295898
2,Run2,962,74.5415784030071,185.88200378418
2,Run2,963,74.5415784030071,185.896011352539
2,Run2,964,74.5415784030071,185.880004882812
2,Run2,965,74.5415784030071,185.832015991211
2,Run2,966,74.5415784030071,185.862014770508
2,Run2,967,74.5415784030071,185.859008789062
2,Run2,968,74.5415784030071,185.857009887695
2,Run2,969,74.5415784030071,185.8330078125
2,Run2,970,74.5415784030071,185.85400390625
2,Run2,971,74.5415784030071,185.850006103516
2,Run2,972,74.5415784030071,185.81201171875
2,Run2,973,74.5415784030071,185.828002929688
2,Run2,974,74.5415784030071,185.841003417969
2,Run2,975,72.9560660644103,185.832015991211
2,Run2,976,72.9560660644103,185.81201171875
2,Run2,977,72.9560660644103,185.807006835938
2,Run2,978,72.9560660644103,185.818008422852
2,Run2,979,72.9560660644103,185.82600402832
2,Run2,980,72.9560660644103,185.790008544922
2,Run2,981,72.9560660644103,185.793014526367
2,Run2,982,72.9560660644103,185.809005737305
2,Run2,983,72.9560660644103,185.783004760742
2,Run2,984,72.9560660644103,185.779006958008
2,Run2,985,72.9560660644103,185.78401184082
2,Run2,986,72.9560660644103,185.754013061523
2,Run2,987,72.9560660644103,185.762008666992
2,Run2,988,72.9560660644103,185.772003173828
2,Run2,989,72.9560660644103,185.772003173828
2,Run2,990,72.9560660644103,185.730010986328
2,Run2,991,72.9560660644103,185.745010375977
2,Run2,992,72.9560660644103,185.742004394531
2,Run2,993,72.9560660644103,185.7080078125
2,Run2,994,72.9560660644103,185.732009887695
2,Run2,995,72.9560660644103,185.722015380859
2,Run2,996,72.9560660644103,185.733001708984
2,Run2,997,72.9560660644103,185.68701171875
2,Run2,998,72.9560660644103,185.711013793945
2,Run2,999,72.9560660644103,185.69401550293
2,Run2,1000,72.9560660644103,185.663009643555
2,Run2,1001,72.9560660644103,185.668014526367
2,Run2,1002,72.9560660644103,185.679016113281
2,Run2,1003,72.9560660644103,185.651016235352
2,Run2,1004,72.9560660644103,185.661010742188
2,Run2,1005,72.9560660644103,185.662002563477
2,Run2,1006,72.9560660644103,185.671005249023
2,Run2,1007,72.9560660644103,185.650009155273
2,Run2,1008,72.9560660644103,185.641006469727
2,Run2,1009,63.4349488217692,185.646011352539
2,Run2,1010,63.4349488217692,185.59001159668
2,Run2,1011,63.4349488217692,185.60400390625
2,Run2,1012,63.4349488217692,185.554016113281
2,Run2,1013,63.4349488217692,185.574005126953
2,Run2,1014,63.4349488217692,185.556015014648
2,Run2,1015,63.4349488217692,185.55500793457
2,Run2,1016,63.4349488217692,185.582015991211
2,Run2,1017,63.4349488217692,185.566009521484
2,Run2,1018,63.4349488217692,185.597015380859
2,Run2,1019,63.4349488217692,185.572006225586
2,Run2,1020,63.4349488217692,185.572006225586
2,Run2,1021,21.8014094854409,185.580001831055
2,Run2,1022,21.8014094854409,185.566009521484
2,Run2,1023,21.8014094854409,185.573013305664
2,Run2,1024,21.8014094854409,185.567001342773
2,Run2,1025,21.8014094854409,185.580001831055
2,Run2,1026,21.8014094854409,185.574005126953
2,Run2,1027,21.8014094854409,185.572006225586
2,Run2,1028,21.8014094854409,185.56901550293
2,Run2,1029,21.8014094854409,185.571014404297
2,Run2,1030,21.8014094854409,185.571014404297
2,Run2,1031,57.5674427539512,185.577011108398
2,Run2,1032,57.5674427539512,185.607009887695
2,Run2,1033,57.5674427539512,185.647003173828
2,Run2,1034,57.5674427539512,185.658004760742
2,Run2,1035,57.5674427539512,185.648010253906
2,Run2,1036,57.5674427539512,185.622009277344
2,Run2,1037,57.5674427539512,185.566009521484
2,Run2,1038,57.5674427539512,185.528015136719
2,Run2,1039,57.5674427539512,185.475006103516
2,Run2,1040,57.5674427539512,185.484008789062
2,Run2,1041,57.5674427539512,185.452011108398
2,Run2,1042,57.5674427539512,185.400009155273
2,Run2,1043,57.5674427539512,185.360015869141
2,Run2,1044,57.5674427539512,185.32600402832
2,Run2,1045,57.5674427539512,185.273010253906
2,Run2,1046,57.5674427539512,185.214004516602
2,Run2,1047,57.5674427539512,185.213012695312
2,Run2,1048,57.5674427539512,185.193008422852
2,Run2,1049,57.5674427539512,185.15901184082
2,Run2,1050,57.5674427539512,185.106002807617
2,Run2,1051,57.5674427539512,185.092010498047
2,Run2,1052,57.5674427539512,185.047012329102
2,Run2,1053,57.5674427539512,185.050003051758
2,Run2,1054,57.5674427539512,185.027008056641
2,Run2,1055,57.5674427539512,185.012008666992
2,Run2,1056,57.5674427539512,185.003005981445
2,Run2,1057,57.5674427539512,184.963012695312
2,Run2,1058,57.5674427539512,184.941009521484
2,Run2,1059,57.5674427539512,184.896011352539
2,Run2,1060,57.5674427539512,184.928009033203
2,Run2,1061,57.5674427539512,184.896011352539
2,Run2,1062,57.5674427539512,184.872009277344
2,Run2,1063,57.5674427539512,184.844009399414
2,Run2,1064,57.5674427539512,184.824005126953
2,Run2,1065,57.5674427539512,184.800003051758
2,Run2,1066,57.5674427539512,184.809005737305
2,Run2,1067,57.5674427539512,184.787002563477
2,Run2,1068,57.5674427539512,184.759002685547
2,Run2,1069,57.5674427539512,184.744003295898
2,Run2,1070,57.5674427539512,184.725006103516
2,Run2,1071,57.5674427539512,184.689010620117
2,Run2,1072,57.5674427539512,184.69401550293
2,Run2,1073,57.5674427539512,184.663009643555
2,Run2,1074,57.5674427539512,184.679016113281
2,Run2,1075,57.5674427539512,184.654006958008
2,Run2,1076,57.5674427539512,184.665008544922
2,Run2,1077,57.5674427539512,184.651016235352
2,Run2,1078,57.5674427539512,184.658004760742
2,Run2,1079,57.5674427539512,184.610015869141
2,Run2,1080,57.5674427539512,184.627014160156
2,Run2,1081,57.5674427539512,184.620010375977
2,Run2,1082,57.5674427539512,184.580001831055
2,Run2,1083,57.5674427539512,184.593002319336
2,Run2,1084,57.5674427539512,184.575012207031
2,Run2,1085,51.3401917456855,184.575012207031
2,Run2,1086,51.3401917456855,184.539001464844
2,Run2,1087,51.3401917456855,184.542007446289
2,Run2,1088,51.3401917456855,184.523010253906
2,Run2,1089,51.3401917456855,184.511001586914
2,Run2,1090,51.3401917456855,184.511001586914
2,Run2,1091,51.3401917456855,184.487014770508
2,Run2,1092,51.3401917456855,184.471008300781
2,Run2,1093,51.3401917456855,184.480010986328
2,Run2,1094,51.3401917456855,184.471008300781
2,Run2,1095,51.3401917456855,184.470001220703
2,Run2,1096,51.3401917456855,184.455001831055
2,Run2,1097,51.3401917456855,184.442001342773
2,Run2,1098,51.3401917456855,184.448013305664
2,Run2,1099,51.3401917456855,184.424011230469
2,Run2,1100,51.3401917456855,184.413009643555
2,Run2,1101,51.3401917456855,184.426010131836
2,Run2,1102,51.3401917456855,184.413009643555
2,Run2,1103,51.3401917456855,184.413009643555
2,Run2,1104,51.3401917456855,184.397003173828
2,Run2,1105,51.3401917456855,184.379013061523
2,Run2,1106,51.3401917456855,184.383010864258
2,Run2,1107,51.3401917456855,184.368011474609
2,Run2,1108,51.3401917456855,184.34001159668
2,Run2,1109,51.3401917456855,184.351013183594
2,Run2,1110,51.3401917456855,184.336013793945
2,Run2,1111,51.3401917456855,184.348007202148
2,Run2,1112,51.3401917456855,184.334014892578
2,Run2,1113,51.3401917456855,184.311004638672
2,Run2,1114,51.3401917456855,184.318008422852
2,Run2,1115,51.3401917456855,184.295013427734
2,Run2,1116,51.3401917456855,184.282012939453
2,Run2,1117,51.3401917456855,184.282012939453
2,Run2,1118,51.3401917456855,184.265014648438
2,Run2,1119,51.3401917456855,184.268005371094
2,Run2,1120,51.3401917456855,184.25700378418
2,Run2,1121,51.3401917456855,184.245010375977
2,Run2,1122,51.3401917456855,184.245010375977
2,Run2,1123,51.3401917456855,184.242004394531
2,Run2,1124,51.3401917456855,184.211013793945
2,Run2,1125,51.3401917456855,184.226013183594
2,Run2,1126,51.3401917456855,184.195007324219
2,Run2,1127,51.3401917456855,184.204010009766
2,Run2,1128,51.3401917456855,184.174011230469
2,Run2,1129,51.3401917456855,184.172012329102
2,Run2,1130,51.3401917456855,184.185012817383
2,Run2,1131,51.3401917456855,184.147003173828
2,Run2,1132,51.3401917456855,184.123016357422
2,Run2,1133,51.3401917456855,184.147003173828
2,Run2,1134,51.3401917456855,184.135009765625
2,Run2,1135,51.3401917456855,184.135009765625
2,Run2,1136,51.3401917456855,184.13200378418
2,Run2,1137,51.3401917456855,184.116012573242
2,Run2,1138,51.3401917456855,184.120010375977
2,Run2,1139,51.3401917456855,184.094009399414
2,Run2,1140,51.3401917456855,184.092010498047
2,Run2,1141,51.3401917456855,184.079010009766
2,Run2,1142,51.3401917456855,184.070007324219
2,Run2,1143,51.3401917456855,184.077011108398
2,Run2,1144,51.3401917456855,184.06201171875
2,Run2,1145,51.3401917456855,184.039001464844
2,Run2,1146,51.3401917456855,184.031005859375
2,Run2,1147,51.3401917456855,184.020004272461
2,Run2,1148,51.3401917456855,184.011001586914
2,Run2,1149,51.3401917456855,184.011001586914
2,Run2,1150,51.3401917456855,183.98600769043
2,Run2,1151,51.3401917456855,183.971008300781
2,Run2,1152,51.3401917456855,183.980010986328
2,Run2,1153,51.3401917456855,183.964004516602
2,Run2,1154,51.3401917456855,183.964004516602
2,Run2,1155,51.3401917456855,183.960006713867
2,Run2,1156,51.3401917456855,183.968002319336
2,Run2,1157,51.3401917456855,183.935012817383
2,Run2,1158,51.3401917456855,183.962005615234
2,Run2,1159,71.9395280640732,183.950012207031
2,Run2,1160,71.9395280640732,183.943008422852
2,Run2,1161,71.9395280640732,183.929016113281
2,Run2,1162,71.9395280640732,183.910003662109
2,Run2,1163,71.9395280640732,183.897003173828
2,Run2,1164,71.9395280640732,183.906005859375
2,Run2,1165,71.9395280640732,183.898010253906
2,Run2,1166,71.9395280640732,183.890014648438
2,Run2,1167,71.9395280640732,183.858001708984
2,Run2,1168,71.9395280640732,183.858001708984
2,Run2,1169,71.9395280640732,183.859008789062
2,Run2,1170,71.9395280640732,183.815002441406
2,Run2,1171,71.9395280640732,183.816009521484
2,Run2,1172,71.9395280640732,183.835006713867
2,Run2,1173,71.9395280640732,183.814010620117
2,Run2,1174,71.9395280640732,183.821014404297
2,Run2,1175,71.9395280640732,183.823013305664
2,Run2,1176,71.9395280640732,183.809005737305
2,Run2,1177,71.9395280640732,183.803009033203
2,Run2,1178,71.9395280640732,183.797012329102
2,Run2,1179,71.9395280640732,183.801010131836
2,Run2,1180,71.9395280640732,183.791015625
2,Run2,1181,71.9395280640732,183.764007568359
2,Run2,1182,71.9395280640732,183.787002563477
2,Run2,1183,71.9395280640732,183.771011352539
2,Run2,1184,71.9395280640732,183.764007568359
2,Run2,1185,71.9395280640732,183.751007080078
2,Run2,1186,71.9395280640732,183.742004394531
2,Run2,1187,71.9395280640732,183.746002197266
2,Run2,1188,71.9395280640732,183.742004394531
2,Run2,1189,71.9395280640732,183.732009887695
2,Run2,1190,71.9395280640732,183.688003540039
2,Run2,1191,71.9395280640732,183.707015991211
2,Run2,1192,71.9395280640732,183.699005126953
2,Run2,1193,71.9395280640732,183.681015014648
2,Run2,1194,71.9395280640732,183.665008544922
2,Run2,1195,71.9395280640732,183.666015625
2,Run2,1196,71.9395280640732,183.672012329102
2,Run2,1197,71.9395280640732,183.658004760742
2,Run2,1198,71.9395280640732,183.63801574707
2,Run2,1199,71.9395280640732,183.655014038086
2,Run2,1200,71.9395280640732,183.637008666992
2,Run2,1201,71.9395280640732,183.61100769043
2,Run2,1202,71.9395280640732,183.623001098633
2,Run2,1203,71.9395280640732,183.600006103516
2,Run2,1204,71.9395280640732,183.591003417969
2,Run2,1205,72.3289496372146,183.596008300781
2,Run2,1206,72.3289496372146,183.575012207031
2,Run2,1207,72.3289496372146,183.55500793457
2,Run2,1208,72.3289496372146,183.521011352539
2,Run2,1209,72.3289496372146,183.53401184082
2,Run2,1210,72.3289496372146,183.51301574707
2,Run2,1211,72.3289496372146,183.527008056641
2,Run2,1212,72.3289496372146,183.53401184082
2,Run2,1213,72.3289496372146,183.473007202148
2,Run2,1214,72.3289496372146,183.396011352539
2,Run2,1215,72.3289496372146,183.416015625
2,Run2,1216,72.3289496372146,183.456008911133
2,Run2,1217,72.3289496372146,183.456008911133
2,Run2,1218,72.3289496372146,183.466003417969
2,Run2,1219,72.3289496372146,183.505004882812
2,Run2,1220,72.3289496372146,183.496002197266
2,Run2,1221,72.3289496372146,183.448013305664
2,Run2,1222,72.3289496372146,183.426010131836
2,Run2,1223,72.3289496372146,183.380004882812
2,Run2,1224,72.3289496372146,183.345001220703
2,Run2,1225,72.3289496372146,183.327011108398
2,Run2,1226,72.3289496372146,183.267013549805
2,Run2,1227,72.3289496372146,183.168014526367
2,Run2,1228,72.3289496372146,183.067001342773
2,Run2,1229,72.3289496372146,182.941009521484
2,Run2,1230,72.3289496372146,182.816009521484
2,Run2,1231,72.3289496372146,182.707015991211
2,Run2,1232,72.3289496372146,182.602005004883
2,Run2,1233,63.1380821556191,182.512008666992
2,Run2,1234,63.1380821556191,182.395004272461
2,Run2,1235,63.1380821556191,182.395004272461
2,Run2,1236,63.1380821556191,182.310012817383
2,Run2,1237,63.1380821556191,182.232009887695
2,Run2,1238,63.1380821556191,182.179016113281
2,Run2,1239,63.1380821556191,182.100006103516
2,Run2,1240,63.1380821556191,182.072006225586
2,Run2,1241,63.1380821556191,182.027008056641
2,Run2,1242,63.1380821556191,181.989013671875
2,Run2,1243,63.1380821556191,181.953002929688
2,Run2,1244,63.1380821556191,181.953002929688
2,Run2,1245,63.1380821556191,181.906005859375
2,Run2,1246,63.1380821556191,181.911010742188
2,Run2,1247,63.1380821556191,181.901016235352
2,Run2,1248,63.1380821556191,181.918014526367
2,Run2,1249,63.1380821556191,181.908004760742
2,Run2,1250,63.1380821556191,181.918014526367
2,Run2,1251,63.1380821556191,181.920013427734
2,Run2,1252,63.1380821556191,181.917007446289
2,Run2,1253,63.1380821556191,182.046005249023
2,Run2,1254,63.1380821556191,181.908004760742
2,Run2,1255,63.1380821556191,182.015014648438
2,Run2,1256,63.1380821556191,182.184005737305
2,Run2,1257,63.1380821556191,182.006011962891
2,Run2,1258,63.1380821556191,181.885009765625
2,Run2,1259,63.1380821556191,181.88801574707
2,Run2,1260,63.1380821556191,181.919006347656
2,Run2,1261,63.1380821556191,181.917007446289
2,Run2,1262,63.1380821556191,181.961013793945
2,Run2,1263,63.1380821556191,181.928009033203
2,Run2,1264,63.1380821556191,181.918014526367
2,Run2,1265,63.1380821556191,181.927001953125
2,Run2,1266,63.1380821556191,181.93000793457
2,Run2,1267,63.1380821556191,181.938003540039
2,Run2,1268,63.1380821556191,181.950012207031
2,Run2,1269,63.1380821556191,181.946014404297
2,Run2,1270,63.1380821556191,181.943008422852
2,Run2,1271,63.1380821556191,181.943008422852
2,Run2,1272,63.1380821556191,181.939010620117
2,Run2,1273,63.1380821556191,181.938003540039
