"Time (s)","Latitude (°)","Longitude (°)","Height (m)","Velocity (m/s)","Direction (°)","Horizontal Accuracy (m)","Vertical Accuracy (°)"
1.717400551E-2,5.058241955E1,8.684416846E0,1.658000000E2,NaN,NaN,3.279501400E1,3.832285492E1
3.962290287E-2,5.058242034E1,8.684416724E0,1.657236298E2,NaN,NaN,3.596797992E1,4.402878139E1
4.356969595E-1,5.058248451E1,8.684340769E0,1.667543088E2,NaN,NaN,2.306103705E1,3.000000000E1
2.128951192E0,5.058249467E1,8.684345879E0,1.667464469E2,1.136698008E0,NaN,1.755204182E1,3.303657789E1
3.128925204E0,5.058248704E1,8.684344827E0,1.665450654E2,1.136698008E0,NaN,1.666817879E1,7.411182641E0
4.185403585E0,5.058247877E1,8.684348657E0,1.665702778E2,6.363212466E-1,NaN,1.641156677E1,7.438162207E0
5.185385108E0,5.058248447E1,8.684340621E0,1.665922151E2,4.967880547E-1,NaN,1.461951783E1,7.381541073E0
6.185373664E0,5.058249078E1,8.684377221E0,1.666578155E2,5.983130336E-1,NaN,1.316994079E1,7.183777534E0
7.185362816E0,5.058247020E1,8.684396590E0,1.667170321E2,5.983130336E-1,NaN,1.209312780E1,7.149276952E0
8.185947418E0,5.058246652E1,8.684390584E0,1.667596919E2,5.783419013E-1,NaN,1.196327996E1,7.197804680E0
9.185546041E0,5.058246170E1,8.684379919E0,1.667549479E2,1.231893972E-1,NaN,1.028039990E1,8.668587695E0
1.018553567E1,5.058245727E1,8.684382333E0,1.667416097E2,2.824508250E-1,NaN,1.092158846E1,7.595062030E0
1.118516171E1,5.058246308E1,8.684376690E0,1.666902348E2,2.881726623E-1,NaN,1.174624909E1,7.191348338E0
1.218496239E1,5.058246058E1,8.684373262E0,1.666553901E2,2.881726623E-1,4.111467963E1,1.235637030E1,7.410102472E0
1.318495166E1,5.058245050E1,8.684377276E0,1.667063760E2,3.339556754E-1,8.345649536E1,1.217085643E1,7.007843595E0
1.418514848E1,5.058244726E1,8.684374751E0,1.667063760E2,3.339556754E-1,NaN,9.422728618E0,7.007843595E0
1.518864608E1,5.058244482E1,8.684369867E0,1.666766418E2,1.993958950E-1,NaN,8.252307438E0,9.542275835E0
1.619169843E1,5.058244575E1,8.684363995E0,1.666650864E2,4.155772030E-1,9.824735490E0,8.134326957E0,7.951092432E0
1.719410348E1,5.058244719E1,8.684360907E0,1.666746186E2,4.155772030E-1,7.677029492E0,6.981082296E0,9.169664871E0
1.819705129E1,5.058244707E1,8.684358206E0,1.666569479E2,4.141576588E-1,3.118673915E2,6.514126092E0,1.124677528E1
1.919984734E1,5.058244170E1,8.684349454E0,1.667148872E2,3.433331251E-1,3.108982510E2,6.249331581E0,1.573257855E1
2.020281565E1,5.058243762E1,8.684347464E0,1.667107552E2,5.043470860E-1,3.262127057E2,6.145687751E0,1.031030657E1
2.120478725E1,5.058242644E1,8.684338280E0,1.667308373E2,6.096034646E-1,3.032031869E2,5.558681243E0,7.037818220E0
2.220713985E1,5.058242812E1,8.684332370E0,1.666918738E2,6.096034646E-1,3.211886941E2,5.713774072E0,7.014532122E0
2.320931602E1,5.058241312E1,8.684332522E0,1.666888167E2,9.634967446E-1,3.328255902E2,8.138710273E0,7.046462632E0
2.416125858E1,5.058241982E1,8.684360110E0,1.666906311E2,9.923982620E-1,3.415021589E0,8.126884913E0,7.060655247E0
2.511308503E1,5.058242453E1,8.684386676E0,1.666964679E2,9.923982620E-1,3.145938232E1,1.168018606E1,1.010503061E1
2.606480289E1,5.058242819E1,8.684420247E0,1.667131257E2,9.923982620E-1,5.566663587E1,8.216281087E0,7.027173546E0
2.701641977E1,5.058243665E1,8.684455693E0,1.667472856E2,1.300815582E0,6.028999929E1,1.088486268E1,9.249393693E0
2.796794140E1,5.058244288E1,8.684475565E0,1.667974079E2,1.300815582E0,5.796320184E1,8.578113687E0,7.031093855E0
2.891937089E1,5.058245226E1,8.684487527E0,1.668539342E2,9.115433693E-1,5.069780830E1,8.472088665E0,7.007708910E0
2.987071788E1,5.058245614E1,8.684506377E0,1.668978077E2,9.115433693E-1,5.275251316E1,1.374620790E1,1.123788613E1
3.082198203E1,5.058246896E1,8.684509083E0,1.669297858E2,8.299253583E-1,2.457652855E1,1.026117276E1,8.429944439E0
3.177317083E1,5.058247510E1,8.684554308E0,1.669371924E2,8.299253583E-1,8.599109072E1,1.925798343E1,1.636243777E1
3.272428775E1,5.058248675E1,8.684582189E0,1.669535744E2,8.660531044E-1,8.525895162E1,8.019879477E0,6.949818707E0
3.367533278E1,5.058253547E1,8.684632133E0,1.673533074E2,6.492723711E-1,1.014823909E2,8.365520850E0,3.000000000E0
3.463033152E1,5.058254162E1,8.684631485E0,1.671588096E2,7.641959950E-1,1.348181589E2,7.168255895E0,3.000000000E0
3.563130689E1,5.058256379E1,8.684626668E0,1.671929221E2,4.185964290E-1,NaN,8.164356656E0,3.000000000E0
3.663223016E1,5.058258881E1,8.684643773E0,1.674007893E2,8.634666600E-1,5.058148405E1,7.484055818E0,3.000000000E0
3.763308263E1,5.058260035E1,8.684658452E0,1.671309999E2,7.933976989E-1,6.968817089E1,7.220970752E0,3.000000000E0
3.863389111E1,5.058262459E1,8.684666189E0,1.669786304E2,7.548842941E-1,2.404074225E1,7.540186554E0,3.000000000E0
3.963464260E1,5.058264293E1,8.684685698E0,1.673046141E2,8.880886600E-1,3.160327535E1,7.713721056E0,3.000000000E0
4.063535297E1,5.058265619E1,8.684695270E0,1.670667019E2,4.021093246E-1,NaN,7.599640784E0,3.000000000E0
4.163601506E1,5.058267381E1,8.684720287E0,1.670601556E2,6.764453170E-1,7.337095816E1,7.845592060E0,3.000000000E0
4.263664007E1,5.058269637E1,8.684743837E0,1.670285617E2,9.246609365E-1,7.953180179E1,8.425202924E0,3.000000000E0
4.363722217E1,5.058272195E1,8.684762041E0,1.666583203E2,9.400687319E-1,8.306149968E1,8.674357546E0,3.000000000E0
4.463777125E1,5.058276000E1,8.684724149E0,1.667967118E2,5.243779548E-1,NaN,9.098565885E0,3.000000000E0
4.563828516E1,5.058277515E1,8.684675529E0,1.667166098E2,4.837630511E-1,3.267296767E2,9.411325638E0,3.397595933E0
4.663876438E1,5.058280242E1,8.684682588E0,1.670804587E2,5.616470800E-1,1.891263994E0,9.679399151E0,3.519035640E0
4.763921523E1,5.058281711E1,8.684687272E0,1.670435294E2,3.983794800E-1,2.173137213E1,9.600645149E0,3.595899740E0
4.863963914E1,5.058283803E1,8.684695604E0,1.663003873E2,6.050014830E-1,9.154381772E0,9.707456203E0,3.534299200E0
4.964003527E1,5.058285993E1,8.684716764E0,1.668455005E2,7.091162851E-1,1.600368534E1,9.940176289E0,3.624648117E0
5.064040816E1,5.058287463E1,8.684740145E0,1.666181109E2,5.808731664E-1,2.848018408E1,1.024633769E1,3.594995124E0
5.164075649E1,5.058289279E1,8.684753744E0,1.659632809E2,5.496484699E-1,2.631801312E1,1.064103956E1,3.716590983E0
5.264108300E1,5.058291070E1,8.684774998E0,1.660781450E2,6.986077327E-1,3.385077703E1,1.078777600E1,3.700364150E0
5.364138901E1,5.058293292E1,8.684806070E0,1.672623231E2,1.064180385E0,3.633606082E1,1.097829183E1,3.594199084E0
5.464167774E1,5.058294709E1,8.684834237E0,1.668325228E2,1.144951157E0,3.963231813E1,1.130389282E1,3.583486813E0
5.564194512E1,5.058295781E1,8.684860548E0,1.663562346E2,7.264334144E-1,5.255092553E1,1.168065264E1,3.759697505E0
5.664219952E1,5.058298700E1,8.684845984E0,1.665317555E2,5.441122858E-1,2.831254256E1,1.170582194E1,4.165962982E0
5.764243698E1,5.058300737E1,8.684832231E0,1.661592028E2,4.117434770E-1,1.195347867E1,1.169880601E1,4.297579610E0
5.864265954E1,5.058302450E1,8.684848753E0,1.659288686E2,4.955905264E-1,2.450234267E1,1.186594934E1,4.389346047E0
5.964286792E1,5.058304123E1,8.684883551E0,1.661725557E2,9.431219547E-1,4.873577446E1,1.204262296E1,4.495766192E0
6.064306355E1,5.058305834E1,8.684894631E0,1.656076931E2,8.222324042E-1,4.221881770E1,1.237032215E1,4.527217741E0
6.164324629E1,5.058308939E1,8.684919683E0,1.655344800E2,1.297448865E0,4.109853221E1,1.268470447E1,4.647814865E0
6.264341784E1,5.058311160E1,8.684943217E0,1.661866281E2,1.038027702E0,4.226698511E1,1.293714187E1,4.873460571E0
6.364357960E1,5.058312092E1,8.684970761E0,1.657455013E2,7.534837965E-1,6.160654163E1,1.333214015E1,5.047703669E0
6.464373088E1,5.058314086E1,8.684991099E0,1.654775732E2,7.884483214E-1,4.879721872E1,1.371518548E1,5.112707994E0
6.564387310E1,5.058316001E1,8.685017141E0,1.661844039E2,1.152947475E0,4.805420350E1,1.403105172E1,4.942176428E0
6.664400613E1,5.058317354E1,8.685030402E0,1.653361861E2,8.929402220E-1,4.833740720E1,1.441396956E1,4.823224786E0
6.764413071E1,5.058318636E1,8.685044974E0,1.648610178E2,5.359579218E-1,4.944632439E1,1.461232405E1,4.627382483E0
6.864424884E1,5.058320546E1,8.685079035E0,1.656780937E2,8.031834072E-1,5.453803457E1,1.529473677E1,4.421589249E0
6.964435732E1,5.058324128E1,8.685083783E0,1.647946610E2,8.605597163E-1,2.727448208E1,1.552896101E1,4.488793327E0
7.064446127E1,5.058327544E1,8.685080910E0,1.654861282E2,1.377058080E0,2.396749405E1,1.589035159E1,5.137856904E0
7.164455760E1,5.058331899E1,8.685049279E0,1.659617261E2,1.352255299E0,1.091335487E1,1.601764699E1,5.394988647E0
7.264464867E1,5.058334859E1,8.685022595E0,1.654728572E2,5.966881042E-1,1.799484996E1,1.589376829E1,5.802244336E0
7.364473295E1,5.058336123E1,8.685018339E0,1.651653790E2,2.787108962E-1,1.496277599E1,1.582421907E1,6.152160601E0
7.464481294E1,5.058337690E1,8.685026932E0,1.659927593E2,4.576422708E-1,1.670967690E1,1.573077319E1,6.079085477E0
7.564488864E1,5.058338549E1,8.685022039E0,1.653650861E2,2.785073605E-1,NaN,1.569075798E1,6.236924938E0
7.664495850E1,5.058340820E1,8.685023454E0,1.650626994E2,1.617875372E-1,1.150004383E1,1.596523454E1,6.457851829E0
7.764502430E1,5.058342899E1,8.685034762E0,1.652279547E2,2.179511714E-1,1.150004763E1,1.589138543E1,6.974046589E0
7.864508677E1,5.058343490E1,8.685051357E0,1.640564503E2,8.090630582E-1,6.481060864E1,1.575374276E1,6.154033251E0
7.964514410E1,5.058344463E1,8.685059832E0,1.640394825E2,1.114464792E0,6.908141824E1,1.564036710E1,5.785649378E0
8.064519930E1,5.058345787E1,8.685056125E0,1.639570778E2,7.151600117E-1,7.410446483E1,1.589585935E1,6.114076829E0
8.164525008E1,5.058347261E1,8.685042169E0,1.645190286E2,2.467791290E-1,7.649464332E1,1.596801289E1,6.280331131E0
8.264529812E1,5.058348646E1,8.685029218E0,1.639183767E2,2.253891110E-2,7.649464027E1,1.594173896E1,6.884419713E0
8.364534330E1,5.058349948E1,8.685022469E0,1.639148931E2,1.775098208E-1,7.649464123E1,1.590131965E1,6.986900889E0
8.464538598E1,5.058351183E1,8.685028249E0,1.645336715E2,8.519060383E-1,1.133387727E2,1.601315257E1,7.426830231E0
8.564542508E1,5.058351653E1,8.685025085E0,1.638038661E2,9.778782196E-1,1.233985276E2,1.627182636E1,7.533528609E0
8.664546323E1,5.058351980E1,8.685009651E0,1.643477666E2,7.074785890E-1,1.346373909E2,1.648828136E1,7.462013549E0
8.764549828E1,5.058351950E1,8.684992138E0,1.639185030E2,4.397785210E-1,1.689309283E2,1.711234676E1,7.686594639E0
8.864553130E1,5.058352898E1,8.684969419E0,1.633503256E2,1.527103424E-1,1.730031604E2,1.737759636E1,8.116930640E0
8.964556205E1,5.058353733E1,8.684945436E0,1.636117094E2,1.275230584E-1,1.730031365E2,1.768672906E1,8.116366103E0
9.064559090E1,5.058354149E1,8.684937584E0,1.627853973E2,1.436513181E-1,1.730031288E2,1.790220965E1,7.849966234E0
9.164561832E1,5.058355085E1,8.684950353E0,1.631220511E2,2.111907463E-1,1.730031421E2,1.824426436E1,8.080151769E0
9.264564395E1,5.058355295E1,8.684961471E0,1.629451220E2,4.085271247E-1,1.730031535E2,1.885309291E1,8.533749080E0
9.364566803E1,5.058357586E1,8.684968397E0,1.625507010E2,2.009025301E-1,1.730031616E2,1.914030907E1,8.748517571E0
9.464569128E1,5.058358923E1,8.684983507E0,1.638664842E2,3.673351273E-1,1.583010282E2,1.922957659E1,8.285801672E0
9.564571249E1,5.058360461E1,8.684998815E0,1.629497219E2,7.271520780E-2,1.513963136E2,1.935182485E1,8.272301696E0
9.664573264E1,5.058361060E1,8.685024236E0,1.629156399E2,2.291453954E-1,1.513963538E2,2.012289941E1,8.355709196E0
9.764575148E1,5.058361459E1,8.685044411E0,1.633931947E2,4.474248334E-1,1.396511593E2,2.091083509E1,8.395225374E0
9.864576912E1,5.058361854E1,8.685085364E0,1.624467245E2,6.312108659E-1,1.254037222E2,2.156081766E1,8.653475543E0
9.964578557E1,5.058363135E1,8.685108836E0,1.635809896E2,4.200168968E-1,9.417152605E1,2.236244360E1,9.065307552E0
1.006458014E2,5.058365022E1,8.685135458E0,1.636611905E2,3.334194086E-1,6.315265163E1,2.220951150E1,8.954393235E0
1.016458164E2,5.058366429E1,8.685167793E0,1.631452499E2,3.712175494E-1,8.079253536E1,2.258698335E1,9.468644656E0
1.026458305E2,5.058367372E1,8.685206397E0,1.628619505E2,5.768051795E-1,9.644708454E1,2.263464537E1,9.729307513E0
1.036458439E2,5.058369055E1,8.685243000E0,1.636665671E2,6.056716715E-1,8.678228235E1,2.274367391E1,9.856029047E0
1.046458559E2,5.058371254E1,8.685288352E0,1.632628027E2,7.690683383E-1,6.275532106E1,2.331565958E1,1.001704334E1
1.056458683E2,5.058372539E1,8.685330636E0,1.633833038E2,7.676976176E-1,6.186089482E1,2.380533296E1,1.038041497E1
1.066458787E2,5.058373765E1,8.685361923E0,1.634859028E2,7.409857679E-1,6.113424168E1,2.387486877E1,1.007949466E1
1.076458888E2,5.058374617E1,8.685395267E0,1.639858488E2,6.441712033E-1,6.819618940E1,2.409108977E1,9.938866973E0
1.086458997E2,5.058375807E1,8.685421662E0,1.635268769E2,4.823779811E-1,6.444482825E1,2.417861284E1,9.872486515E0
1.096459081E2,5.058377153E1,8.685455528E0,1.630512429E2,5.749328270E-1,6.763511025E1,2.399879154E1,9.237185555E0
1.106459167E2,5.058378211E1,8.685493932E0,1.640641003E2,9.301717156E-1,7.797970951E1,2.364986716E1,8.660515486E0
1.116459256E2,5.058379656E1,8.685546812E0,1.637742150E2,1.418684797E0,8.194859915E1,2.353794319E1,8.773701779E0
1.126459333E2,5.058379437E1,8.685585005E0,1.632456408E2,1.167335431E0,9.568754934E1,2.335840979E1,9.061352090E0
1.136459403E2,5.058380999E1,8.685623405E0,1.643013870E2,1.041070979E0,1.006915446E2,2.387532664E1,9.224628835E0
1.146459483E2,5.058381148E1,8.685665667E0,1.638599126E2,1.030328024E0,9.866564745E1,2.423305313E1,9.650576748E0
1.156459548E2,5.058383032E1,8.685698840E0,1.632839528E2,8.856274221E-1,8.628893455E1,2.459146477E1,9.851771977E0
1.166459607E2,5.058384392E1,8.685717878E0,1.639219431E2,6.697675473E-1,7.519871681E1,2.462411062E1,1.010477474E1
1.176459664E2,5.058385484E1,8.685746074E0,1.635142560E2,6.665708640E-1,7.254160886E1,2.436862848E1,1.010039756E1
1.186459721E2,5.058387180E1,8.685788170E0,1.625899715E2,9.832235941E-1,6.760933941E1,2.468523272E1,9.878338834E0
1.196459773E2,5.058388188E1,8.685812712E0,1.626151036E2,7.341900543E-1,5.927988564E1,2.445037666E1,9.713453654E0
1.206459831E2,5.058389185E1,8.685852564E0,1.627108161E2,9.117769020E-1,6.106497945E1,2.435473629E1,9.575952496E0
1.216459876E2,5.058391048E1,8.685898978E0,1.625506970E2,1.090289043E0,6.932786414E1,2.454464302E1,9.766649573E0
1.226459924E2,5.058391716E1,8.685943878E0,1.618226063E2,1.177661239E0,7.712266343E1,2.443838977E1,9.516263753E0
1.236459965E2,5.058392664E1,8.686006090E0,1.630116961E2,1.278545696E0,7.882446839E1,2.428994865E1,9.537328882E0
1.246460010E2,5.058392979E1,8.686060637E0,1.627620475E2,8.944592551E-1,8.135105449E1,2.433439583E1,9.767723657E0
1.256460050E2,5.058393260E1,8.686119832E0,1.620194383E2,7.433101277E-1,1.010953110E2,2.429987158E1,9.758385056E0
1.266460080E2,5.058393643E1,8.686166374E0,1.636584080E2,7.792595479E-1,9.756035573E1,2.403064596E1,9.419897594E0
1.276460119E2,5.058393744E1,8.686216525E0,1.636988628E2,7.216534691E-1,1.118138186E2,2.385624168E1,9.821118174E0
1.286460152E2,5.058394348E1,8.686257266E0,1.631206569E2,8.099594886E-1,1.044869676E2,2.345391127E1,9.915213274E0
1.296460185E2,5.058395019E1,8.686266703E0,1.632418504E2,6.411907172E-2,1.039381520E2,2.311054993E1,1.040843160E1
1.306460216E2,5.058395786E1,8.686298682E0,1.646668928E2,3.206357617E-1,8.296275643E1,2.289905215E1,9.867113268E0
1.316460251E2,5.058396777E1,8.686323976E0,1.651054543E2,6.281155348E-1,NaN,2.318006018E1,1.077940735E1
1.326460283E2,5.058397094E1,8.686364949E0,1.646503055E2,6.302925078E-1,9.490644755E1,2.362366452E1,1.092348709E1
1.336472440E2,5.058397532E1,8.686406788E0,1.656442648E2,1.068713895E0,9.466642305E1,2.391552634E1,1.089217068E1
1.346467509E2,5.058398340E1,8.686440058E0,1.657704782E2,1.263923012E0,9.481905721E1,2.325635374E1,1.087600299E1
1.356465622E2,5.058399415E1,8.686460496E0,1.653191471E2,8.668323454E-1,9.359178910E1,2.292829404E1,1.087703103E1
1.366467154E2,5.058401278E1,8.686474340E0,1.648425632E2,3.610725880E-1,5.307033915E1,2.240102195E1,1.041485316E1
1.376465585E2,5.058402036E1,8.686482032E0,1.647140828E2,1.349194530E-1,5.307034704E1,2.182367793E1,1.013265472E1
1.386463925E2,5.058402953E1,8.686491735E0,1.642790609E2,5.963150640E-2,5.307035679E1,2.189769815E1,1.018481362E1
1.396462522E2,5.058403341E1,8.686540935E0,1.640467441E2,6.108922709E-1,7.422517556E1,2.203569295E1,1.007969341E1
1.406458048E2,5.058404849E1,8.686594208E0,1.643498673E2,1.355360197E0,7.129420393E1,2.262820844E1,1.011973410E1
1.416456647E2,5.058405467E1,8.686643186E0,1.636228139E2,1.375943359E0,6.998271795E1,2.251345585E1,9.799881729E0
1.426458623E2,5.058405028E1,8.686657837E0,1.631257148E2,6.569470950E-1,7.663805508E1,2.257254136E1,9.627285087E0
1.436457613E2,5.058404954E1,8.686675113E0,1.637536975E2,4.157440607E-1,8.650892014E1,2.233029486E1,9.553093965E0
1.446456453E2,5.058405335E1,8.686677361E0,1.629988999E2,2.360796214E-2,8.697639959E1,2.220593547E1,1.021181049E1
1.456455497E2,5.058405037E1,8.686719878E0,1.630793945E2,7.180600516E-1,1.043770187E2,2.222193955E1,9.962841329E0
1.466451428E2,5.058406396E1,8.686766763E0,1.636670050E2,4.701195753E-1,9.086452230E1,2.218610525E1,9.996389226E0
1.476450438E2,5.058407645E1,8.686793913E0,1.631107476E2,1.161951342E-1,9.188716646E1,2.216306595E1,1.008566633E1
1.486449581E2,5.058408481E1,8.686826276E0,1.639004952E2,3.146625040E-1,9.188719592E1,2.259804442E1,1.028727167E1
1.496448764E2,5.058409069E1,8.686865377E0,1.640202003E2,3.582809274E-1,9.188722943E1,2.280071879E1,1.051406518E1
1.506447992E2,5.058408766E1,8.686913873E0,1.631536357E2,6.953001913E-1,1.094505817E2,2.299692057E1,1.060458439E1
1.516447282E2,5.058408537E1,8.686948975E0,1.645034765E2,5.978000016E-1,1.083496966E2,2.336961745E1,1.044108270E1
1.526446602E2,5.058408306E1,8.686980074E0,1.638099939E2,6.965289012E-1,1.024357022E2,2.341555409E1,1.007732444E1
1.536445987E2,5.058408118E1,8.686998677E0,1.632536135E2,4.582311170E-1,1.084712326E2,2.365970236E1,1.024213320E1
1.546445427E2,5.058408624E1,8.687027516E0,1.634953638E2,4.147968586E-1,1.001336173E2,2.375477573E1,1.083574520E1
1.556444856E2,5.058408719E1,8.687049138E0,1.638061170E2,5.117649985E-1,9.749502246E1,2.355445438E1,1.058065653E1
1.566444319E2,5.058408405E1,8.687064090E0,1.635853728E2,4.718660152E-1,1.099730428E2,2.343333855E1,1.030939041E1
1.576443822E2,5.058408417E1,8.687064902E0,1.637427993E2,1.806475412E-2,1.101375510E2,2.267997399E1,1.074969560E1
1.586443374E2,5.058408486E1,8.687090966E0,1.644769570E2,1.930392644E-1,1.101375708E2,2.347715630E1,1.127339786E1
1.596442950E2,5.058409393E1,8.687121943E0,1.649380342E2,7.098607738E-1,8.130386879E1,2.401596391E1,1.148609106E1
1.606442575E2,5.058410856E1,8.687171317E0,1.645233117E2,1.137578450E0,6.862897081E1,2.475269361E1,1.185296233E1
1.616442171E2,5.058411359E1,8.687208820E0,1.644394408E2,1.196983486E0,7.300869530E1,2.533161722E1,1.210487377E1
1.626441845E2,5.058412520E1,8.687235475E0,1.649908922E2,9.027715138E-1,6.231340566E1,2.587318740E1,1.244047560E1
1.636441523E2,5.058413834E1,8.687287352E0,1.646492557E2,1.262702952E0,6.074482771E1,2.624556065E1,1.247917295E1
1.646441205E2,5.058413896E1,8.687321232E0,1.639037860E2,9.126924135E-1,7.166584576E1,2.647032735E1,1.239396496E1
1.656440905E2,5.058414783E1,8.687366052E0,1.646245222E2,8.879217517E-1,7.364414103E1,2.672355105E1,1.269264043E1
1.666440630E2,5.058416225E1,8.687451751E0,1.643825277E2,1.945240940E0,7.616768687E1,2.718444451E1,1.293262065E1
1.676440377E2,5.058417037E1,8.687493381E0,1.639067953E2,1.867202030E0,7.591989805E1,2.775003887E1,1.349699859E1
1.686440140E2,5.058418019E1,8.687530097E0,1.647291420E2,1.413509458E0,6.979125857E1,2.789695941E1,1.382828322E1
1.696439945E2,5.058419349E1,8.687569777E0,1.646482223E2,7.783013423E-1,5.463915807E1,2.777237635E1,1.389460137E1
1.706439707E2,5.058420184E1,8.687616048E0,1.641409119E2,1.086244403E0,6.727905277E1,2.766405376E1,1.345582582E1
1.716439514E2,5.058421449E1,8.687660319E0,1.647925977E2,1.294272677E0,6.587045468E1,2.751318246E1,1.287683396E1
1.726439328E2,5.058422222E1,8.687692532E0,1.643708591E2,1.127697135E0,6.602215677E1,2.757738206E1,1.279580250E1
1.736439160E2,5.058423702E1,8.687735205E0,1.638451741E2,1.051939710E0,6.108339107E1,2.714212416E1,1.286153083E1
1.746439000E2,5.058425941E1,8.687791945E0,1.649774303E2,1.198946981E0,5.238026451E1,2.646693749E1,1.275946276E1
1.756438851E2,5.058427446E1,8.687839531E0,1.649912327E2,1.174590783E0,5.297407166E1,2.589480699E1,1.220343336E1
1.766438711E2,5.058428808E1,8.687889326E0,1.648710102E2,1.203596321E0,5.818337115E1,2.566377399E1,1.214833095E1
1.776438577E2,5.058429936E1,8.687929823E0,1.650235362E2,1.222841857E0,5.972759954E1,2.544204387E1,1.170733660E1
1.786438460E2,5.058431119E1,8.687974291E0,1.645816943E2,1.351161736E0,6.286323693E1,2.546166832E1,1.153516370E1
1.796438365E2,5.058432140E1,8.688018847E0,1.642093164E2,1.488768259E0,6.519445129E1,2.548742198E1,1.120376915E1
1.806438233E2,5.058433269E1,8.688060180E0,1.653402010E2,1.519553750E0,6.436410666E1,2.509910738E1,1.109699075E1
1.816438154E2,5.058434590E1,8.688100965E0,1.654723427E2,1.501230549E0,6.075489327E1,2.444178005E1,1.062078720E1
1.826438041E2,5.058435417E1,8.688133628E0,1.651254800E2,1.390318625E0,6.408948828E1,2.373712159E1,1.008496611E1
1.836437961E2,5.058435772E1,8.688180703E0,1.647465649E2,1.435535368E0,7.620206745E1,2.365699565E1,1.009141089E1
1.846437867E2,5.058436249E1,8.688225301E0,1.658231127E2,1.063898008E0,8.510868930E1,2.354527581E1,1.005414749E1
1.856437812E2,5.058436316E1,8.688237964E0,1.652635594E2,2.119409679E-1,9.113261731E1,2.394822799E1,1.046118129E1
1.866437721E2,5.058437320E1,8.688271181E0,1.651122854E2,2.724293430E-1,9.113264831E1,2.447228875E1,1.083853518E1
1.876437664E2,5.058438075E1,8.688302972E0,1.647097359E2,2.295351232E-2,9.113267693E1,2.537032571E1,1.083174201E1
1.886437593E2,5.058438170E1,8.688355586E0,1.642256191E2,9.314471681E-1,9.359357404E1,2.527137026E1,1.076845297E1
1.896437542E2,5.058438956E1,8.688382702E0,1.650927115E2,4.881430093E-1,7.767036187E1,2.542489602E1,1.116695725E1
1.906437477E2,5.058439602E1,8.688410315E0,1.648999056E2,5.272971333E-1,7.228992517E1,2.514588707E1,1.083514519E1
1.916437432E2,5.058440361E1,8.688455708E0,1.648391108E2,1.149408540E0,7.512564965E1,2.501613206E1,1.111497395E1
1.926437395E2,5.058441315E1,8.688484193E0,1.654707038E2,1.223501978E0,6.714690768E1,2.485869819E1,1.065972575E1
1.936437333E2,5.058441898E1,8.688497610E0,1.649174712E2,7.430129726E-1,5.981303911E1,2.505341932E1,1.056339933E1
1.946437299E2,5.058442398E1,8.688515616E0,1.648135477E2,4.865775502E-1,6.662356130E1,2.518929394E1,1.042117958E1
1.956437263E2,5.058442685E1,8.688534960E0,1.652792275E2,5.250562753E-1,8.121436484E1,2.514086238E1,1.007466466E1
1.966437230E2,5.058443293E1,8.688571226E0,1.651811351E2,1.014373750E0,8.440425756E1,2.539489084E1,9.641317134E0
1.976437186E2,5.058444647E1,8.688609865E0,1.660444717E2,1.391683294E0,7.292380805E1,2.529423306E1,9.545931654E0
1.986437155E2,5.058445151E1,8.688639284E0,1.660278930E2,1.254331326E0,7.459776566E1,2.524219354E1,9.310085524E0
1.996437126E2,5.058445526E1,8.688679671E0,1.659142869E2,1.475546683E0,7.730701417E1,2.503924514E1,9.291108565E0
2.006437107E2,5.058445979E1,8.688691648E0,1.664711856E2,1.064650947E0,6.822271356E1,2.468121541E1,9.159626276E0
2.016437079E2,5.058445263E1,8.688718429E0,1.650839675E2,1.026222138E0,8.952216791E1,2.459293414E1,8.910644929E0
2.026437052E2,5.058444740E1,8.688727454E0,1.642933798E2,9.913225469E-1,1.045807480E2,2.446155093E1,8.999473560E0
2.036437049E2,5.058444203E1,8.688743894E0,1.652445604E2,7.749247765E-1,1.013045298E2,2.444349038E1,8.781028122E0
2.046437002E2,5.058444346E1,8.688763915E0,1.652953448E2,5.912061019E-1,9.137510013E1,2.406083207E1,8.049588699E0
2.056436993E2,5.058444741E1,8.688794842E0,1.646922530E2,9.681051136E-1,8.521999532E1,2.428095267E1,7.589281176E0
2.066436970E2,5.058444559E1,8.688797124E0,1.652234501E2,6.157679799E-1,7.972610508E1,2.452982064E1,8.071285772E0
2.076436967E2,5.058444306E1,8.688809590E0,1.649890799E2,4.068065513E-1,1.004276668E2,2.477522649E1,8.576411988E0
2.086436949E2,5.058445518E1,8.688843735E0,1.652411379E2,4.674793706E-1,9.440871028E1,2.537113476E1,9.716627699E0
2.096436934E2,5.058446052E1,8.688877455E0,1.668066574E2,7.262759174E-1,1.018927199E2,2.563427629E1,9.701383102E0
2.106436919E2,5.058447056E1,8.688915815E0,1.660409955E2,6.500734223E-1,8.228373969E1,2.564739825E1,9.962460980E0
2.116436902E2,5.058447175E1,8.688949639E0,1.651150354E2,8.397183156E-1,8.315426536E1,2.600951300E1,1.029888846E1
2.126436895E2,5.058447804E1,8.688987265E0,1.661249637E2,1.130680713E0,7.955568471E1,2.652390218E1,1.064297095E1
2.136436880E2,5.058447620E1,8.689005895E0,1.658774783E2,6.828021105E-1,9.355382725E1,2.696265785E1,1.097303903E1
2.146436881E2,5.058448713E1,8.689065098E0,1.660005462E2,8.228869297E-1,9.329540233E1,2.761957660E1,1.146357033E1
2.156436909E2,5.058449594E1,8.689119826E0,1.659342555E2,1.393379296E0,8.903025189E1,2.800156510E1,1.137123055E1
2.166436870E2,5.058450464E1,8.689147817E0,1.672418440E2,1.121685103E0,8.261201520E1,2.814784088E1,1.086518933E1
2.176436857E2,5.058451264E1,8.689165858E0,1.663126193E2,5.814280675E-1,7.497910597E1,2.796873343E1,1.065466034E1
2.186436847E2,5.058452165E1,8.689187266E0,1.663514781E2,4.321211380E-1,7.216172787E1,2.764097746E1,1.022429748E1
2.196436846E2,5.058453180E1,8.689215472E0,1.665676586E2,3.432683486E-1,7.216175022E1,2.795506720E1,1.060807634E1
2.206436833E2,5.058454204E1,8.689248776E0,1.656521628E2,5.312487108E-1,7.617775089E1,2.821915245E1,1.043923301E1
2.216436834E2,5.058455878E1,8.689284853E0,1.675851092E2,6.951787566E-1,8.564106199E1,2.849999448E1,1.038602703E1
2.226436827E2,5.058457517E1,8.689332509E0,1.673391318E2,1.005570193E0,8.033954986E1,2.863376268E1,1.048507070E1
2.236436830E2,5.058459001E1,8.689392047E0,1.668188766E2,1.270138158E0,7.960756406E1,2.860897904E1,1.056631932E1
2.246436826E2,5.058460006E1,8.689429438E0,1.684696831E2,1.071225988E0,7.298643642E1,2.895686419E1,1.071603066E1
2.256436819E2,5.058460495E1,8.689477612E0,1.673573122E2,1.110213581E0,8.352852489E1,2.913936873E1,1.051566726E1
2.266436822E2,5.058461214E1,8.689508171E0,1.671390860E2,9.366569865E-1,7.560299807E1,2.853046788E1,1.032450765E1
2.276436822E2,5.058461876E1,8.689544856E0,1.675139585E2,1.147052784E0,7.139987715E1,2.786690232E1,9.849482561E0
2.286436813E2,5.058462527E1,8.689581298E0,1.665478957E2,1.329146363E0,7.348069384E1,2.726217537E1,9.351113664E0
2.296436813E2,5.058463344E1,8.689614526E0,1.676121597E2,1.437457721E0,7.495935368E1,2.728677321E1,8.995168184E0
2.306436816E2,5.058463886E1,8.689652962E0,1.675218198E2,1.561972453E0,7.633106093E1,2.714963255E1,8.841573133E0
2.316436807E2,5.058464138E1,8.689680018E0,1.671457493E2,1.354989331E0,7.799090106E1,2.756521264E1,8.787082384E0
2.326436816E2,5.058466103E1,8.689714578E0,1.678942611E2,1.355172496E0,6.978655100E1,2.737071071E1,8.881986614E0
2.336436819E2,5.058467030E1,8.689750126E0,1.672431504E2,1.354056776E0,7.640502271E1,2.714996338E1,8.833836597E0
2.346436818E2,5.058469178E1,8.689791996E0,1.675021029E2,1.592298193E0,6.879343545E1,2.659102026E1,9.132227717E0
2.356436813E2,5.058470474E1,8.689824458E0,1.686168000E2,1.387826978E0,6.601756961E1,2.617764242E1,8.746380234E0
2.366436816E2,5.058471950E1,8.689862566E0,1.683321749E2,1.212557318E0,7.298412987E1,2.610712613E1,8.777378841E0
2.376436826E2,5.058473046E1,8.689894578E0,1.688939540E2,9.194795072E-1,7.100524598E1,2.610843126E1,8.781181317E0
2.386436814E2,5.058474514E1,8.689940342E0,1.686428262E2,1.030011812E0,6.705453476E1,2.643916042E1,8.855455281E0
2.396436816E2,5.058475035E1,8.689976449E0,1.681629570E2,9.320194871E-1,7.443755556E1,2.642797136E1,8.844149991E0
2.406436819E2,5.058475984E1,8.690014128E0,1.689985083E2,7.551397744E-1,7.177332377E1,2.671467669E1,8.861281917E0
2.416436820E2,5.058477304E1,8.690061737E0,1.679416009E2,5.714227793E-1,7.055930860E1,2.694879252E1,9.012314718E0
2.426436825E2,5.058477997E1,8.690112047E0,1.690311051E2,5.187291330E-1,8.195481923E1,2.659913619E1,9.410849398E0
2.436436820E2,5.058478361E1,8.690149538E0,1.687448962E2,8.376706269E-1,8.143351310E1,2.652354285E1,9.104021843E0
2.446436827E2,5.058478338E1,8.690166542E0,1.679767046E2,6.497871042E-1,7.800662613E1,2.605498654E1,9.032726315E0
2.456436821E2,5.058479387E1,8.690192344E0,1.688924272E2,7.571938159E-1,6.778217226E1,2.581760788E1,8.832750144E0
2.466436831E2,5.058480407E1,8.690235966E0,1.681997199E2,1.234733468E0,7.118008023E1,2.553819204E1,8.586316559E0
2.476436825E2,5.058481571E1,8.690272537E0,1.689697861E2,1.299579587E0,6.619587441E1,2.509349647E1,8.172449599E0
2.486436839E2,5.058482963E1,8.690312447E0,1.686331490E2,1.476954534E0,5.996827345E1,2.437432595E1,7.786551577E0
2.496436831E2,5.058483591E1,8.690346864E0,1.680021180E2,1.350537543E0,6.321472357E1,2.460918503E1,7.862969923E0
2.506436840E2,5.058483927E1,8.690374574E0,1.688917099E2,1.135976205E0,6.567665731E1,2.458072853E1,8.013839842E0
2.516436844E2,5.058484642E1,8.690415948E0,1.686745801E2,1.217803809E0,6.769886738E1,2.437165081E1,7.915327809E0
2.526436844E2,5.058485161E1,8.690451968E0,1.689672385E2,1.167852511E0,6.554702595E1,2.426384168E1,8.231227120E0
2.536436841E2,5.058485149E1,8.690471525E0,1.690674253E2,7.760474727E-1,6.704463982E1,2.376631941E1,8.286610001E0
2.546436859E2,5.058485686E1,8.690509205E0,1.684826646E2,1.117558550E0,6.388706606E1,2.385054249E1,8.272786613E0
2.556436851E2,5.058486919E1,8.690562063E0,1.697642186E2,1.616307983E0,6.465659343E1,2.364298348E1,7.973814616E0
2.566436850E2,5.058487681E1,8.690609594E0,1.696950253E2,1.664209395E0,6.974693672E1,2.326688880E1,7.734073035E0
2.576436874E2,5.058488726E1,8.690662420E0,1.701031841E2,2.091416551E0,7.143020198E1,2.304923643E1,7.749057110E0
2.586436857E2,5.058489268E1,8.690716264E0,1.702753554E2,2.318624441E0,7.058688184E1,2.333016883E1,8.175983715E0
2.596452340E2,5.058490467E1,8.690750988E0,1.709207354E2,2.310106307E0,5.985998563E1,2.333692286E1,8.444370325E0
2.606449163E2,5.058490827E1,8.690798941E0,1.702236826E2,2.473867632E0,6.579738737E1,2.300726267E1,8.089237781E0
2.616448979E2,5.058491662E1,8.690845295E0,1.705152421E2,2.470779194E0,6.904215344E1,2.265614430E1,8.299389494E0
2.626452117E2,5.058492067E1,8.690865058E0,1.702435303E2,1.899318222E0,6.717985237E1,2.248474559E1,8.408119492E0
2.636451992E2,5.058492222E1,8.690873000E0,1.707028830E2,1.555586918E0,6.195878138E1,2.257832776E1,8.947895115E0
2.646451662E2,5.058491759E1,8.690878907E0,1.723938531E2,6.218430623E-1,6.992462128E1,2.236448464E1,8.643597250E0
2.656451448E2,5.058491120E1,8.690918710E0,1.709477417E2,8.495528922E-1,9.669893432E1,2.245590089E1,8.522755489E0
2.666448046E2,5.058491817E1,8.690947106E0,1.716614916E2,3.709617354E-1,9.486424152E1,2.227066807E1,8.639428115E0
2.676447648E2,5.058491967E1,8.690970576E0,1.708962195E2,3.505394455E-1,1.048877138E2,2.271219835E1,8.770174587E0
2.686450540E2,5.058492829E1,8.690985640E0,1.718368283E2,2.829991367E-1,4.349706792E1,2.298109532E1,8.591366977E0
2.696447921E2,5.058492226E1,8.691021540E0,1.709749905E2,6.345334061E-1,9.464205217E1,2.296783385E1,8.210800515E0
2.706447492E2,5.058492379E1,8.691045502E0,1.714681096E2,6.255821901E-1,8.296613778E1,2.305858929E1,8.222258536E0
2.716449542E2,5.058491581E1,8.691080416E0,1.709925933E2,9.344177036E-1,9.244562825E1,2.323457300E1,8.134550688E0
2.726446191E2,5.058491420E1,8.691111316E0,1.707658824E2,1.051466374E0,8.930856800E1,2.330167442E1,8.099407741E0
2.736445831E2,5.058492067E1,8.691139569E0,1.711193660E2,9.765530814E-1,7.729837138E1,2.312312839E1,8.169534571E0
2.746445470E2,5.058492261E1,8.691172914E0,1.703823908E2,1.062085116E0,7.701208333E1,2.261856757E1,8.186912136E0
2.756445143E2,5.058492978E1,8.691187607E0,1.712473574E2,8.444457162E-1,6.290132242E1,2.226103939E1,8.518310532E0
2.766444820E2,5.058493862E1,8.691217540E0,1.707756396E2,1.050090159E0,6.050381574E1,2.190247790E1,8.595931446E0
2.776444528E2,5.058494609E1,8.691249500E0,1.711678592E2,1.136099510E0,6.438390863E1,2.165355990E1,8.285435425E0
2.786444235E2,5.058495213E1,8.691272405E0,1.705573152E2,1.214655626E0,5.993692318E1,2.126514124E1,8.063754688E0
2.796443967E2,5.058495248E1,8.691275693E0,1.712549376E2,7.114062861E-1,5.348759267E1,2.076850876E1,7.594068886E0
2.806443708E2,5.058495758E1,8.691286221E0,1.706947523E2,5.665195354E-1,4.804122124E1,2.023314196E1,7.058064502E0
2.816443465E2,5.058496115E1,8.691304297E0,1.707922179E2,3.829912168E-1,5.334767994E1,1.985221281E1,6.763434175E0
2.826443238E2,5.058496895E1,8.691341118E0,1.707239563E2,7.597936134E-1,5.706033393E1,1.962106427E1,7.115190671E0
2.836443012E2,5.058497459E1,8.691359662E0,1.711117007E2,7.714888815E-1,5.649661540E1,1.914480867E1,6.344896745E0
2.846442809E2,5.058497237E1,8.691363994E0,1.710089886E2,3.733147960E-1,5.616525102E1,1.856313881E1,5.673200455E0
2.856442612E2,5.058497608E1,8.691374322E0,1.712649744E2,3.367353508E-1,5.616525892E1,1.800668926E1,5.611698204E0
2.866442419E2,5.058498599E1,8.691401373E0,1.710431070E2,5.855455260E-1,4.192157330E1,1.748511126E1,5.509917828E0
2.876442244E2,5.058499125E1,8.691440757E0,1.712649186E2,8.927478917E-1,5.926915729E1,1.708775277E1,5.462548363E0
2.886442063E2,5.058499882E1,8.691464455E0,1.723689339E2,8.646842462E-1,5.671092629E1,1.686077571E1,5.234123172E0
2.896441907E2,5.058499937E1,8.691485166E0,1.723736041E2,6.677009727E-1,6.420891145E1,1.679368086E1,5.185654512E0
2.906441746E2,5.058500100E1,8.691510983E0,1.715461726E2,6.360341419E-1,7.717588142E1,1.716999823E1,5.420816980E0
2.916441600E2,5.058500595E1,8.691527375E0,1.728083317E2,5.765764333E-1,7.232953871E1,1.752176040E1,5.503652448E0
2.926441460E2,5.058501715E1,8.691573074E0,1.731351947E2,1.141476826E0,7.101323491E1,1.761460346E1,5.197427749E0
2.936441325E2,5.058502952E1,8.691615476E0,1.733314388E2,1.426880129E0,7.230246936E1,1.731195802E1,5.154081638E0
2.946441187E2,5.058503529E1,8.691652801E0,1.724723514E2,1.446855196E0,7.594310889E1,1.714177166E1,5.101501518E0
2.956441063E2,5.058504495E1,8.691685189E0,1.731352270E2,1.379910481E0,7.413819298E1,1.680117582E1,4.906855851E0
2.966440942E2,5.058504879E1,8.691706221E0,1.738399175E2,1.018223853E0,7.971294763E1,1.628314750E1,4.726091314E0
2.976440815E2,5.058505321E1,8.691728068E0,1.737288414E2,7.117075612E-1,8.236109619E1,1.583578937E1,4.644916937E0
2.986440716E2,5.058505030E1,8.691734093E0,1.734037696E2,3.824504638E-1,1.008669242E2,1.611709425E1,4.763518005E0
2.996440610E2,5.058504881E1,8.691744552E0,1.734622585E2,5.639358045E-1,1.061131606E2,1.657530878E1,5.069420831E0
3.006440490E2,5.058505445E1,8.691747263E0,1.738173355E2,3.667845191E-1,1.084460410E2,1.665483304E1,5.114627377E0
3.016440395E2,5.058505702E1,8.691749550E0,1.739304305E2,1.837408470E-1,1.084460432E2,1.680025067E1,4.970099152E0
3.026440291E2,5.058505757E1,8.691760852E0,1.734148467E2,2.538146581E-1,1.084460523E2,1.627265075E1,4.740003587E0
3.036440198E2,5.058505548E1,8.691765192E0,1.733237602E2,3.438903799E-2,1.084460555E2,1.583749931E1,4.614330278E0
3.046440111E2,5.058505602E1,8.691784888E0,1.735968982E2,4.074813620E-1,1.084460713E2,1.585534780E1,4.413713535E0
3.056440022E2,5.058506054E1,8.691806598E0,1.740866247E2,5.982538594E-1,1.084460891E2,1.625772014E1,4.351576220E0
3.066439931E2,5.058506758E1,8.691834753E0,1.741417888E2,9.507187629E-1,8.214340243E1,1.620385451E1,4.112242841E0
3.076439844E2,5.058508383E1,8.691852593E0,1.744199376E2,8.803409999E-1,6.183189264E1,1.612109868E1,4.060893067E0
3.086439774E2,5.058509177E1,8.691851362E0,1.740271197E2,1.686832034E-1,4.217664363E1,1.598411736E1,4.124972675E0
3.096439695E2,5.058509985E1,8.691865525E0,1.738598304E2,7.500902230E-2,4.217665357E1,1.610415782E1,4.520130461E0
3.106439612E2,5.058511232E1,8.691870606E0,1.735804253E2,6.455935494E-2,4.217666234E1,1.630869873E1,4.658208581E0
3.116439537E2,5.058512150E1,8.691891594E0,1.739177990E2,2.223222949E-1,4.217667555E1,1.675886219E1,4.731160392E0
3.126439463E2,5.058512243E1,8.691912697E0,1.743603411E2,2.851339150E-1,4.217668433E1,1.701534741E1,4.554059450E0
3.136439385E2,5.058513223E1,8.691938132E0,1.750034487E2,4.294166107E-1,6.244613339E1,1.753974378E1,4.688139151E0
3.146439332E2,5.058513841E1,8.691966991E0,1.749728298E2,5.137072653E-1,6.661532138E1,1.758550361E1,4.772341043E0
3.156439252E2,5.058513556E1,8.691985062E0,1.747767954E2,3.156776276E-1,7.726785975E1,1.768692054E1,4.917239302E0
3.166439183E2,5.058513035E1,8.692014389E0,1.739453381E2,4.786264825E-1,8.955844939E1,1.812533624E1,4.834511659E0
3.176439120E2,5.058514159E1,8.692041597E0,1.742832405E2,7.873787822E-1,5.906032537E1,1.837040115E1,4.774477472E0
3.186439046E2,5.058514516E1,8.692054210E0,1.746774690E2,4.480552602E-1,5.504824787E1,1.819593542E1,4.464418302E0
3.196438996E2,5.058515742E1,8.692078071E0,1.749239064E2,7.287687735E-1,4.903858664E1,1.775757913E1,4.211440765E0
3.206438922E2,5.058515971E1,8.692092166E0,1.750486221E2,5.059874420E-1,5.014819270E1,1.733841537E1,4.038355156E0
3.216438859E2,5.058516362E1,8.692120017E0,1.750839421E2,6.830492780E-1,5.668543854E1,1.695402142E1,3.808776821E0
3.226438805E2,5.058516721E1,8.692143925E0,1.742593660E2,6.966751425E-1,5.980641464E1,1.692809208E1,3.712708003E0
3.236438743E2,5.058517190E1,8.692158638E0,1.741005536E2,6.031158549E-1,5.816982476E1,1.694385153E1,3.863132899E0
3.246438674E2,5.058516981E1,8.692169793E0,1.742030053E2,3.198723282E-1,5.798225537E1,1.697612977E1,3.992472351E0
3.256438614E2,5.058516997E1,8.692198556E0,1.749455203E2,3.999621119E-1,5.798227967E1,1.692579657E1,3.867468953E0
3.266438559E2,5.058517459E1,8.692236817E0,1.748655627E2,5.664460963E-1,7.860459701E1,1.700407402E1,3.818294606E0
3.276438501E2,5.058518513E1,8.692280077E0,1.752856915E2,9.123659869E-1,7.017927043E1,1.681427962E1,3.701004439E0
3.286438453E2,5.058518320E1,8.692299829E0,1.754725433E2,5.791770168E-1,8.551652582E1,1.666789456E1,3.694649446E0
3.296438456E2,5.058518277E1,8.692331135E0,1.750065460E2,6.486063070E-1,9.409576297E1,1.684079924E1,3.790269825E0
3.306438335E2,5.058518608E1,8.692363422E0,1.745444739E2,5.913647618E-1,9.223849723E1,1.650349275E1,3.632306430E0
3.316438287E2,5.058519078E1,8.692402760E0,1.747202947E2,5.871396100E-1,9.216116969E1,1.658313800E1,3.628030660E0
3.326438221E2,5.058520112E1,8.692457442E0,1.751777481E2,1.037629409E0,8.590924793E1,1.701549384E1,3.701114922E0
3.336438167E2,5.058520790E1,8.692479477E0,1.754002417E2,6.241149795E-1,7.766600400E1,1.733736627E1,3.699801955E0
3.346438127E2,5.058520831E1,8.692508326E0,1.756548300E2,4.830550771E-1,8.647868012E1,1.749586288E1,4.011489320E0
3.356438072E2,5.058521209E1,8.692523880E0,1.755063293E2,7.575726854E-2,8.806810325E1,1.724005840E1,3.729772593E0
3.366438009E2,5.058521946E1,8.692573175E0,1.757984993E2,4.877000092E-1,8.743943894E1,1.755591089E1,4.073298915E0
3.376437957E2,5.058522589E1,8.692611096E0,1.757469445E2,6.938548590E-1,8.977010682E1,1.739024659E1,3.986810566E0
3.386437908E2,5.058523787E1,8.692650412E0,1.757316333E2,9.964555394E-1,7.873112539E1,1.762484366E1,3.930672118E0
3.396437857E2,5.058523533E1,8.692660194E0,1.754171142E2,4.658633816E-1,9.167703015E1,1.733001834E1,3.907407823E0
3.406437801E2,5.058523748E1,8.692697110E0,1.754538937E2,7.812811651E-1,9.386487825E1,1.733970435E1,4.034036767E0
3.416437742E2,5.058524752E1,8.692718158E0,1.762238859E2,6.802229578E-1,7.297728729E1,1.704743014E1,3.857489007E0
3.426437699E2,5.058525503E1,8.692749885E0,1.767192702E2,8.486839310E-1,7.626388983E1,1.694177007E1,3.631221415E0
3.436437651E2,5.058526558E1,8.692786793E0,1.769457426E2,9.997779863E-1,7.551309930E1,1.683376112E1,3.500338018E0
3.446437598E2,5.058527234E1,8.692815654E0,1.769323465E2,7.827946004E-1,7.167333020E1,1.645877101E1,3.342682968E0
3.456437548E2,5.058527603E1,8.692852929E0,1.768233090E2,8.568951735E-1,7.799851787E1,1.600524585E1,3.306794677E0
3.466437501E2,5.058529089E1,8.692881063E0,1.764385914E2,4.894917095E-1,7.429299716E1,1.619602788E1,3.580964192E0
3.476437439E2,5.058530537E1,8.692911167E0,1.763546019E2,3.405539582E-1,7.429301961E1,1.619294317E1,3.998878845E0
3.486437398E2,5.058531212E1,8.692937871E0,1.767676213E2,9.661034451E-2,7.429304006E1,1.641567907E1,3.952646337E0
3.496437351E2,5.058531294E1,8.692956440E0,1.769465424E2,3.092075470E-2,7.429305463E1,1.625148739E1,3.787303462E0
3.506437294E2,5.058531802E1,8.692990933E0,1.773262275E2,4.678601710E-2,7.429308137E1,1.616071748E1,3.697745457E0
3.516437247E2,5.058532094E1,8.693026218E0,1.775390058E2,5.858275220E-2,7.429310894E1,1.610050818E1,3.646986251E0
3.526437193E2,5.058532842E1,8.693061168E0,1.778145196E2,2.102863977E-1,7.429313583E1,1.610913959E1,3.493614269E0
3.536437150E2,5.058533883E1,8.693094016E0,1.778621302E2,5.118167194E-1,7.429316080E1,1.608789361E1,3.382723480E0
3.546437104E2,5.058534883E1,8.693121948E0,1.777908258E2,4.795012533E-1,7.429318193E1,1.624339253E1,3.418966239E0
3.556437051E2,5.058535110E1,8.693182947E0,1.776460690E2,1.313516024E0,8.662238639E1,1.645265986E1,3.501756211E0
3.566437000E2,5.058536581E1,8.693199644E0,1.774726547E2,7.812929546E-1,5.498972954E1,1.659806699E1,3.660080964E0
3.576436955E2,5.058536788E1,8.693223053E0,1.775488786E2,2.720495429E-1,5.801414338E1,1.674630151E1,3.834209461E0
3.586436907E2,5.058537374E1,8.693241949E0,1.781582659E2,2.696881376E-1,5.801415872E1,1.688865195E1,3.842724038E0
3.596436855E2,5.058538028E1,8.693277431E0,1.784404492E2,1.160631018E-1,5.801418958E1,1.687426108E1,4.162348962E0
3.606436810E2,5.058538821E1,8.693312101E0,1.786460462E2,2.032662634E-1,5.801421903E1,1.702659008E1,4.241132075E0
3.616436765E2,5.058539696E1,8.693342453E0,1.786374016E2,2.021382764E-1,5.801424398E1,1.699736170E1,3.888799107E0
3.626436706E2,5.058540116E1,8.693371679E0,1.788399321E2,1.352893676E-1,5.801426995E1,1.726305625E1,4.379992869E0
3.636436659E2,5.058540296E1,8.693411638E0,1.787281474E2,2.670301992E-1,5.801430725E1,1.730164996E1,4.378041280E0
3.646436620E2,5.058540509E1,8.693442914E0,1.788902780E2,3.351741105E-1,5.801433611E1,1.730176684E1,4.359299320E0
3.656436565E2,5.058541197E1,8.693469593E0,1.787333446E2,5.305896226E-1,5.801435842E1,1.715645263E1,4.287301222E0
3.666436520E2,5.058542010E1,8.693506743E0,1.781775716E2,9.251504326E-1,5.427430235E1,1.722695461E1,4.265617812E0
3.676436476E2,5.058542076E1,8.693540787E0,1.776970753E2,9.450887517E-1,7.283729838E1,1.764640208E1,4.295821058E0
3.686436415E2,5.058541373E1,8.693572189E0,1.786585035E2,9.725332474E-1,9.088938951E1,1.818501394E1,4.554040921E0
3.696436369E2,5.058541821E1,8.693578822E0,1.798460171E2,3.323309374E-1,9.343138261E1,1.802195869E1,4.542052330E0
3.706436331E2,5.058542489E1,8.693590863E0,1.795075909E2,2.044127061E-1,NaN,1.817899362E1,4.466486525E0
3.716436280E2,5.058542543E1,8.693615455E0,1.796409204E2,2.989315926E-1,NaN,1.835035495E1,4.450309001E0
3.726436225E2,5.058542512E1,8.693636099E0,1.803207223E2,5.314343201E-1,NaN,1.825314245E1,4.439644655E0
3.736436180E2,5.058543788E1,8.693668892E0,1.799916668E2,3.543062815E-1,5.424091727E1,1.816199105E1,4.380831803E0
3.746436136E2,5.058544853E1,8.693684404E0,1.800839222E2,2.548985716E-1,5.424093079E1,1.811384538E1,4.407943909E0
3.756436090E2,5.058544762E1,8.693709578E0,1.800579332E2,1.464040943E-1,5.424094488E1,1.823871713E1,4.553009036E0
3.766436038E2,5.058545934E1,8.693738273E0,1.803053319E2,2.857927185E-1,5.424096644E1,1.837926285E1,4.663301749E0
3.776435992E2,5.058546670E1,8.693760920E0,1.804806774E2,3.022590600E-1,5.424098264E1,1.830553140E1,4.608696499E0
3.786435940E2,5.058547072E1,8.693769570E0,1.803418931E2,1.787889028E-2,5.424098936E1,1.817237276E1,4.520679063E0
3.796435897E2,5.058547224E1,8.693792726E0,1.804944036E2,2.427030939E-1,5.424100333E1,1.826168416E1,4.404424729E0
3.806435850E2,5.058547705E1,8.693818739E0,1.806399713E2,2.522839845E-1,5.424102036E1,1.833078889E1,4.614591805E0
3.816435801E2,5.058547662E1,8.693842705E0,1.805861259E2,8.386054176E-2,5.424103396E1,1.817628944E1,4.728139905E0
3.826435754E2,5.058547534E1,8.693868264E0,1.803509737E2,1.143443627E-1,5.424104811E1,1.820168153E1,4.761734514E0
3.836435703E2,5.058548261E1,8.693891226E0,1.804286650E2,1.858001399E-1,5.424106445E1,1.805880648E1,4.764215969E0
3.846435661E2,5.058548584E1,8.693920273E0,1.804968006E2,3.526641382E-1,5.424108255E1,1.809444149E1,4.728097198E0
3.856435610E2,5.058549334E1,8.693944129E0,1.805758893E2,4.122554776E-1,5.424109951E1,1.821495767E1,5.303794773E0
3.866435554E2,5.058550518E1,8.693960704E0,1.802134591E2,3.307928043E-1,5.424111416E1,1.801208494E1,5.342256138E0
3.876435509E2,5.058551073E1,8.693985210E0,1.807787936E2,3.983733773E-1,5.424113065E1,1.781317594E1,4.833948287E0
3.886435465E2,5.058551350E1,8.694002300E0,1.809798154E2,3.018528270E-1,5.424114167E1,1.760439666E1,5.214724644E0
3.896435423E2,5.058551604E1,8.694014602E0,1.811593979E2,1.198288301E-1,5.424114984E1,1.753650401E1,5.236475855E0
3.906435370E2,5.058552286E1,8.694028475E0,1.813558702E2,1.255045765E-1,5.424116077E1,1.710184684E1,5.227895248E0
3.916435326E2,5.058552349E1,8.694050370E0,1.817084385E2,3.571054643E-1,5.424117363E1,1.680202908E1,5.140174641E0
3.926435268E2,5.058552828E1,8.694072186E0,1.816133710E2,3.387605986E-1,5.424118825E1,1.647011100E1,5.061208505E0
3.936435231E2,5.058552994E1,8.694091462E0,1.816096028E2,3.140588262E-1,5.424120005E1,1.614542811E1,4.752783399E0
3.946435180E2,5.058553449E1,8.694112254E0,1.816775778E2,5.002202487E-1,5.424121397E1,1.586395528E1,4.569464946E0
3.956435133E2,5.058553563E1,8.694140972E0,1.815420552E2,8.500426414E-1,8.209114821E1,1.586809179E1,4.494045453E0
3.966435084E2,5.058553600E1,8.694169896E0,1.809954105E2,1.046078414E0,8.096696779E1,1.595941852E1,4.356785399E0
3.976435031E2,5.058554088E1,8.694209178E0,1.809903909E2,1.484087174E0,7.796646700E1,1.581397387E1,4.274143217E0
3.986434991E2,5.058554675E1,8.694240313E0,1.807962338E2,1.517591222E0,7.473012100E1,1.559416755E1,4.174038071E0
3.996434951E2,5.058555174E1,8.694267963E0,1.811748121E2,1.513569479E0,7.278161505E1,1.523258710E1,3.983359501E0
4.006434894E2,5.058556231E1,8.694302805E0,1.821123209E2,1.661894343E0,6.722357412E1,1.496250808E1,3.815914645E0
4.016434850E2,5.058555502E1,8.694322720E0,1.823859638E2,1.076770134E0,7.697828139E1,1.483319479E1,4.145038007E0
4.026434801E2,5.058555255E1,8.694337353E0,1.823824166E2,7.277944314E-1,7.172344824E1,1.465986020E1,4.152541346E0
4.036434758E2,5.058555368E1,8.694349681E0,1.825875800E2,4.845125097E-1,8.249549610E1,1.445430683E1,4.040018934E0
4.046434710E2,5.058555482E1,8.694363041E0,1.826889802E2,3.387046356E-1,9.712856281E1,1.427387375E1,4.300360105E0
4.056434668E2,5.058555785E1,8.694382676E0,1.829842039E2,4.041620097E-1,9.712858001E1,1.431211546E1,4.799825048E0
4.066434611E2,5.058556632E1,8.694422561E0,1.826459488E2,1.037365697E0,7.838327022E1,1.435201653E1,4.900524652E0
4.076434560E2,5.058557688E1,8.694456174E0,1.835548432E2,1.427004930E0,7.223896650E1,1.441541490E1,5.238978835E0
4.086434512E2,5.058558412E1,8.694488557E0,1.837675279E2,1.436720378E0,6.862585110E1,1.457264913E1,5.399587012E0
4.096434463E2,5.058558111E1,8.694514669E0,1.835811647E2,1.219926740E0,7.535682401E1,1.470626936E1,5.695799646E0
4.106434423E2,5.058557822E1,8.694537431E0,1.847303378E2,9.658096055E-1,7.812939888E1,1.450754952E1,5.663448578E0
4.116434373E2,5.058557421E1,8.694564827E0,1.845655923E2,9.347832999E-1,7.966970116E1,1.443574330E1,5.812522232E0
4.126434348E2,5.058557167E1,8.694604975E0,1.835709650E2,1.319673297E0,8.618384915E1,1.425081122E1,5.675513856E0
4.136434273E2,5.058558021E1,8.694630017E0,1.836728733E2,1.244120081E0,7.475971716E1,1.424319371E1,5.750083766E0
4.146434240E2,5.058558946E1,8.694667359E0,1.848064434E2,1.490051428E0,6.737407467E1,1.438565192E1,5.810729157E0
4.156434186E2,5.058559642E1,8.694706707E0,1.845976479E2,1.646767483E0,6.603453003E1,1.468787336E1,6.086345418E0
4.166434135E2,5.058560743E1,8.694756019E0,1.843838556E2,2.190971503E0,6.631943908E1,1.498687075E1,6.370201888E0
4.176434083E2,5.058561823E1,8.694794253E0,1.851947700E2,2.304996497E0,6.241925953E1,1.485629402E1,6.433328019E0
4.186434042E2,5.058563112E1,8.694832394E0,1.848017538E2,2.346078755E0,5.811842519E1,1.489079609E1,6.494900036E0
4.196433991E2,5.058563879E1,8.694871599E0,1.848052951E2,2.373069744E0,6.105171650E1,1.478709186E1,6.563204326E0
4.206433945E2,5.058564500E1,8.694900370E0,1.857029986E2,2.204123085E0,5.940261862E1,1.466362047E1,6.548649456E0
4.216433893E2,5.058565357E1,8.694948647E0,1.851080905E2,2.505345365E0,6.228247808E1,1.481554659E1,6.554606529E0
4.226433860E2,5.058566528E1,8.694992393E0,1.847526451E2,2.709240844E0,6.003820037E1,1.495411729E1,6.580520171E0
4.236433804E2,5.058567737E1,8.695027639E0,1.855071010E2,2.285835276E0,5.551237446E1,1.509265759E1,6.570340872E0
4.246433759E2,5.058568255E1,8.695073913E0,1.852624777E2,2.177288588E0,6.211328774E1,1.530944744E1,6.759775786E0
4.256433707E2,5.058568716E1,8.695115540E0,1.851529082E2,2.144819556E0,6.794377667E1,1.543313676E1,7.052758521E0
4.266433661E2,5.058569686E1,8.695152141E0,1.860403030E2,2.132147765E0,6.724707841E1,1.545531287E1,7.034042085E0
4.276433616E2,5.058570656E1,8.695197677E0,1.856615995E2,2.159611263E0,6.901096904E1,1.540797162E1,6.776572321E0
4.286433566E2,5.058570480E1,8.695239918E0,1.863156526E2,2.207352078E0,8.050350050E1,1.521703620E1,6.803089042E0
4.296433513E2,5.058571387E1,8.695279811E0,1.856226595E2,2.216188511E0,7.493538891E1,1.483173335E1,6.419158044E0
4.306433475E2,5.058572102E1,8.695315592E0,1.864035284E2,2.170833901E0,7.426945676E1,1.451804892E1,5.846441135E0
4.316433418E2,5.058572721E1,8.695352938E0,1.861872912E2,2.252422564E0,7.375117848E1,1.464029536E1,5.312897110E0
4.326433374E2,5.058572988E1,8.695381473E0,1.857597865E2,1.896940465E0,7.655218150E1,1.456049927E1,4.937136180E0
4.336433330E2,5.058574444E1,8.695399676E0,1.861038812E2,1.372423086E0,6.471560917E1,1.439597204E1,4.864141424E0
4.346433276E2,5.058576005E1,8.695430918E0,1.859727847E2,7.936289105E-1,5.497112912E1,1.437060149E1,4.774477918E0
4.356433233E2,5.058576718E1,8.695449283E0,1.861472436E2,4.927775763E-1,5.636477759E1,1.429861531E1,4.626939937E0
4.366433190E2,5.058576297E1,8.695454193E0,1.860315294E2,1.272855075E-1,5.441472690E1,1.479778788E1,4.991047537E0
4.376433135E2,5.058575265E1,8.695465664E0,1.856698581E2,1.224440977E-1,5.441472710E1,1.507267986E1,4.565999024E0
4.386433097E2,5.058574252E1,8.695486967E0,1.856378694E2,2.285991457E-1,5.441473251E1,1.521628246E1,4.884911480E0
4.396433043E2,5.058573855E1,8.695490721E0,1.857090413E2,3.790872223E-1,5.441473225E1,1.501674227E1,4.717790755E0
4.406432999E2,5.058572982E1,8.695518103E0,1.856986771E2,1.045687186E0,8.049185857E1,1.494146640E1,4.584447741E0
4.416432953E2,5.058573860E1,8.695529041E0,1.862553870E2,1.055766279E0,4.860818653E1,1.470478986E1,4.691493365E0
4.426432904E2,5.058574383E1,8.695550269E0,1.865077656E2,9.774427936E-1,5.051986266E1,1.439524299E1,5.101997178E0
4.436432858E2,5.058574777E1,8.695564888E0,1.868803669E2,7.866023498E-1,3.245192020E1,1.431149149E1,5.539854213E0
4.446432804E2,5.058574736E1,8.695573256E0,1.876816917E2,6.663516520E-1,8.416167430E0,1.407417097E1,5.928578472E0
4.456432760E2,5.058574631E1,8.695603088E0,1.872835321E2,7.045329693E-1,2.737011006E1,1.411641011E1,6.242870141E0
4.466432713E2,5.058574705E1,8.695610929E0,1.874129231E2,6.935361066E-1,1.854088416E1,1.413653357E1,6.267820223E0
4.476432663E2,5.058575788E1,8.695622826E0,1.872180784E2,1.135506803E0,1.585876361E1,1.412760203E1,6.545954291E0
4.486432625E2,5.058576058E1,8.695636545E0,1.876171108E2,1.054979620E0,1.980202745E1,1.414014807E1,6.473922089E0
4.496432575E2,5.058576657E1,8.695662361E0,1.871909521E2,1.080226956E0,3.431938704E1,1.417025036E1,6.257216159E0
4.506432527E2,5.058577697E1,8.695693901E0,1.865742985E2,1.238685776E0,4.514217020E1,1.424697702E1,6.082752018E0
4.516432472E2,5.058578483E1,8.695730478E0,1.859501618E2,1.210617998E0,5.566782784E1,1.431946436E1,6.035287701E0
4.526432427E2,5.058578983E1,8.695759366E0,1.870511020E2,1.045812716E0,6.076490249E1,1.464604756E1,6.223284730E0
4.536432387E2,5.058579735E1,8.695794581E0,1.868731967E2,1.239550912E0,6.329954178E1,1.501429667E1,6.251528628E0
4.546432333E2,5.058580224E1,8.695834506E0,1.865388540E2,1.454782463E0,6.872283022E1,1.533633229E1,6.438452885E0
4.556432287E2,5.058580797E1,8.695868500E0,1.863512839E2,1.407682781E0,7.120808178E1,1.566856163E1,6.634915991E0
4.566432241E2,5.058581730E1,8.695893118E0,1.867342144E2,1.083065359E0,6.138883216E1,1.589653766E1,6.901601946E0
4.576432186E2,5.058582386E1,8.695921201E0,1.865386747E2,9.896808714E-1,6.362166187E1,1.587370146E1,6.896122393E0
4.586432143E2,5.058583273E1,8.695962881E0,1.860564333E2,1.402405401E0,6.332514868E1,1.571612887E1,6.848918475E0
4.596432098E2,5.058584160E1,8.696007827E0,1.861417356E2,1.627889140E0,6.569320380E1,1.599305158E1,6.887990700E0
4.606432048E2,5.058585340E1,8.696066020E0,1.862638816E2,2.344766927E0,6.648913703E1,1.633297036E1,7.075013803E0
4.616431996E2,5.058586496E1,8.696122645E0,1.860369326E2,2.701943797E0,6.621545174E1,1.664081408E1,7.243907021E0
4.626431956E2,5.058587345E1,8.696172249E0,1.855668345E2,2.818984514E0,6.719016367E1,1.696216652E1,7.473195862E0
4.636431899E2,5.058588749E1,8.696217977E0,1.865924435E2,2.873770174E0,6.330153361E1,1.722158700E1,7.637129817E0
4.646431855E2,5.058589788E1,8.696266879E0,1.865216661E2,2.761534407E0,6.383189629E1,1.741759548E1,7.913272740E0
4.656431811E2,5.058590478E1,8.696317250E0,1.861683340E2,2.649719754E0,6.254948492E1,1.766638828E1,7.970050747E0
4.666431760E2,5.058591755E1,8.696357198E0,1.859159698E2,2.530211799E0,5.461005607E1,1.755410512E1,8.272794919E0
4.676431719E2,5.058593142E1,8.696394751E0,1.867157366E2,2.553363689E0,4.949292129E1,1.747167840E1,8.277059680E0
4.686431670E2,5.058593620E1,8.696435042E0,1.867193848E2,2.465086008E0,5.549180881E1,1.794461016E1,8.292363810E0
4.696431626E2,5.058593290E1,8.696464952E0,1.867777712E2,2.085249088E0,6.478538523E1,1.814137388E1,8.731447702E0
4.706431580E2,5.058593287E1,8.696484282E0,1.885329729E2,1.449553169E0,7.059247084E1,1.863881336E1,8.924132175E0
4.716431525E2,5.058593201E1,8.696501213E0,1.888252310E2,6.077339704E-1,8.316771567E1,1.894972886E1,9.060554987E0
4.726431485E2,5.058593692E1,8.696530023E0,1.885948785E2,6.533056624E-1,7.707340202E1,1.888457254E1,8.895281840E0
4.736431433E2,5.058594079E1,8.696564651E0,1.881175951E2,8.568646078E-1,7.911142479E1,1.881458740E1,8.922102785E0
4.746431383E2,5.058594341E1,8.696598073E0,1.883882420E2,1.178546254E0,7.743146414E1,1.881713142E1,8.907120064E0
4.756431345E2,5.058594400E1,8.696629585E0,1.878980076E2,1.234678237E0,8.480402438E1,1.878556258E1,9.153735328E0
4.766431303E2,5.058594372E1,8.696652604E0,1.872584990E2,9.440779884E-1,8.868114454E1,1.900248973E1,9.276203336E0
4.776431248E2,5.058594760E1,8.696670535E0,1.881212593E2,7.098210821E-1,8.042066787E1,1.919060957E1,9.230042962E0
4.786431195E2,5.058595625E1,8.696710627E0,1.878100862E2,1.158586804E0,7.588122973E1,1.942499951E1,9.403570609E0
4.796431152E2,5.058596317E1,8.696747470E0,1.870532931E2,1.613697531E0,7.503252920E1,1.960174489E1,9.106923005E0
4.806431102E2,5.058597518E1,8.696805564E0,1.879050493E2,2.403710842E0,7.571841497E1,1.953851322E1,9.063013408E0
4.816431051E2,5.058598949E1,8.696873181E0,1.874503031E2,3.055202987E0,7.687206561E1,1.956512841E1,8.962600579E0
4.826431000E2,5.058600305E1,8.696920907E0,1.872416900E2,2.826066045E0,7.610997608E1,1.986450991E1,9.225553011E0
4.836430959E2,5.058601075E1,8.696977376E0,1.864389581E2,2.885144915E0,7.898191657E1,2.035248109E1,9.382839503E0
4.846430922E2,5.058602454E1,8.697031655E0,1.866038362E2,2.740926042E0,7.669907126E1,2.035251501E1,9.225164770E0
4.856430861E2,5.058604111E1,8.697066575E0,1.864835718E2,2.157218842E0,6.359058514E1,2.024686920E1,9.439535557E0
4.866430818E2,5.058605081E1,8.697105317E0,1.862983405E2,1.942190740E0,6.254163249E1,2.012971302E1,9.426611758E0
4.876430767E2,5.058606800E1,8.697143568E0,1.868165180E2,1.991208101E0,5.811788853E1,2.004787088E1,9.165714582E0
4.886430718E2,5.058608233E1,8.697181671E0,1.871365915E2,2.022966389E0,5.883298536E1,1.969043012E1,8.923756676E0
4.896430675E2,5.058609809E1,8.697211097E0,1.872343472E2,1.990432714E0,5.426732488E1,1.964372813E1,8.740111291E0
4.906430627E2,5.058611907E1,8.697204352E0,1.881843448E2,1.773142552E0,1.943485568E1,1.926224265E1,8.662615633E0
4.916430575E2,5.058613033E1,8.697210380E0,1.877472596E2,1.588554267E0,4.206410470E0,1.899671525E1,8.475042175E0
4.926430532E2,5.058613745E1,8.697232790E0,1.883707192E2,1.204300488E0,9.707917358E0,1.933336150E1,8.311421083E0
4.936430485E2,5.058613263E1,8.697267594E0,1.880229843E2,8.195043004E-1,3.932175886E1,2.040313452E1,8.623593811E0
4.946430439E2,5.058613557E1,8.697323753E0,1.878155318E2,1.310912661E0,6.087237083E1,2.136731484E1,9.108298339E0
4.956430389E2,5.058613174E1,8.697353707E0,1.882885896E2,1.205399056E0,7.277587982E1,2.206174964E1,9.483271539E0
4.966430347E2,5.058612136E1,8.697395155E0,1.876522716E2,7.162835168E-1,9.811408972E1,2.290907639E1,1.030879527E1
4.976430302E2,5.058612626E1,8.697481587E0,1.870786499E2,2.615807356E-1,8.285148507E1,2.313642310E1,1.062251582E1
4.986430253E2,5.058612587E1,8.697512662E0,1.872269434E2,3.812374766E-2,8.285150891E1,2.341191042E1,1.083401660E1
4.996430203E2,5.058613186E1,8.697549750E0,1.874066791E2,6.651658406E-1,6.506260753E1,2.456195785E1,1.122378908E1
5.006430151E2,5.058613584E1,8.697598632E0,1.873127271E2,1.264402874E0,7.115431656E1,2.547974355E1,1.148151802E1
5.016430107E2,5.058613839E1,8.697642527E0,1.878617100E2,1.527752316E0,7.955980745E1,2.618354209E1,1.212118527E1
5.026430057E2,5.058614206E1,8.697686642E0,1.877265152E2,1.350081409E0,1.018924321E2,2.556843714E1,1.204578792E1
5.036430019E2,5.058613454E1,8.697738236E0,1.871923473E2,1.480160711E0,1.206587391E2,2.524351176E1,1.190933481E1
5.046429969E2,5.058613536E1,8.697794041E0,1.880490600E2,1.391946267E0,1.240726171E2,2.546789158E1,1.171662238E1
5.056429921E2,5.058613258E1,8.697843970E0,1.881953296E2,1.352087889E0,1.340782958E2,2.559214439E1,1.190291523E1
5.066429864E2,5.058611479E1,8.697892651E0,1.880886388E2,1.412242630E0,1.579695640E2,2.541774406E1,1.184217100E1
5.076429822E2,5.058610698E1,8.697921135E0,1.879988421E2,1.124952433E0,1.630115197E2,2.545573488E1,1.141047650E1
5.086429778E2,5.058608689E1,8.697953627E0,1.876967346E2,1.469486355E0,1.603250060E2,2.582374354E1,1.155040346E1
5.096429724E2,5.058607216E1,8.697968608E0,1.865805514E2,1.339465632E0,1.626024955E2,2.574221776E1,1.116541490E1
5.106429676E2,5.058605591E1,8.698002496E0,1.871487207E2,1.487924290E0,1.542822780E2,2.591987619E1,1.102172341E1
5.116429628E2,5.058604514E1,8.698078005E0,1.862400669E2,1.540557354E0,1.362989470E2,2.566433462E1,1.063387950E1
5.126429584E2,5.058602138E1,8.698127222E0,1.857094092E2,2.091413791E0,1.393478648E2,2.532677420E1,1.054259829E1
5.136429539E2,5.058599148E1,8.698168470E0,1.863623633E2,2.693153260E0,1.459215420E2,2.486795138E1,1.029189126E1
5.146429495E2,5.058597056E1,8.698206037E0,1.861886722E2,2.622170860E0,1.491960700E2,2.477622303E1,1.013137153E1
5.156429441E2,5.058595036E1,8.698231071E0,1.862867989E2,2.414367723E0,1.536657408E2,2.451344199E1,9.839510636E0
5.166429396E2,5.058593083E1,8.698243434E0,1.855920518E2,2.316893618E0,1.639310225E2,2.429065595E1,9.896481452E0
5.176429348E2,5.058591052E1,8.698263947E0,1.856184836E2,2.525755287E0,1.649807573E2,2.390778857E1,9.485970629E0
5.186429305E2,5.058590091E1,8.698298009E0,1.858975584E2,2.428113122E0,1.574363817E2,2.359397903E1,9.335803524E0
5.196429255E2,5.058588632E1,8.698310361E0,1.859627467E2,2.259974552E0,1.654771843E2,2.344566572E1,9.560883397E0
5.206429201E2,5.058587198E1,8.698347716E0,1.854098743E2,2.370845044E0,1.494382840E2,2.320054987E1,9.340688412E0
5.216429162E2,5.058585719E1,8.698382950E0,1.845378952E2,2.343092057E0,1.404849851E2,2.311039421E1,9.005840031E0
5.226429110E2,5.058584218E1,8.698423223E0,1.849106797E2,2.444584803E0,1.309645868E2,2.281115204E1,8.755474286E0
5.236429067E2,5.058583661E1,8.698460366E0,1.855743773E2,2.373887948E0,1.135283117E2,2.258798404E1,8.685783758E0
5.246429014E2,5.058583260E1,8.698489534E0,1.859653617E2,2.330428666E0,1.019808544E2,2.232394537E1,8.681042139E0
5.256428967E2,5.058584028E1,8.698523390E0,1.867012297E2,2.526891820E0,8.046380479E1,2.169654258E1,8.583667991E0
5.266428920E2,5.058584447E1,8.698549054E0,1.877274616E2,2.602479664E0,6.770219813E1,2.128351184E1,8.438779616E0
5.276428881E2,5.058583150E1,8.698555498E0,1.884824484E2,1.942210662E0,7.052830815E1,2.093334107E1,8.169356208E0
5.286428829E2,5.058580004E1,8.698558582E0,1.886750535E2,1.368383588E0,9.219548951E1,2.043070293E1,7.969752413E0
5.296428777E2,5.058577001E1,8.698540672E0,1.884128381E2,6.576541476E-1,1.578534993E2,2.020205153E1,7.995415258E0
5.306428735E2,5.058573675E1,8.698548095E0,1.873487545E2,1.187978827E0,1.627376166E2,1.982012225E1,7.889204062E0
5.316428678E2,5.058571414E1,8.698577431E0,1.868289858E2,1.531279372E0,1.483141075E2,1.970290099E1,7.967883410E0
5.326428638E2,5.058570347E1,8.698590407E0,1.866820326E2,1.274171015E0,1.442804036E2,1.938867650E1,7.853332805E0
5.336428589E2,5.058568178E1,8.698604774E0,1.859336044E2,1.396977950E0,1.470595874E2,1.935422714E1,7.940462738E0
5.346428548E2,5.058565658E1,8.698625134E0,1.857496151E2,1.643228237E0,1.499597911E2,1.928284797E1,7.921610689E0
5.356428493E2,5.058563967E1,8.698665050E0,1.859339527E2,1.844430991E0,1.348037757E2,1.894717469E1,8.065745111E0
5.366428450E2,5.058561164E1,8.698683976E0,1.859541473E2,2.171521034E0,1.397000761E2,1.862143316E1,7.898824851E0
5.376428405E2,5.058558769E1,8.698691112E0,1.858520402E2,1.941227499E0,1.509255806E2,1.847642365E1,8.065909479E0
5.386428350E2,5.058556634E1,8.698712392E0,1.861871993E2,2.004823773E0,1.474368086E2,1.812098880E1,8.138883967E0
5.396428303E2,5.058554447E1,8.698714482E0,1.858031117E2,1.869583328E0,1.545649695E2,1.764937604E1,7.962788056E0
5.406428262E2,5.058552586E1,8.698707176E0,1.857927496E2,1.424580593E0,1.656404534E2,1.722289874E1,7.741800235E0
5.416428202E2,5.058551265E1,8.698699047E0,1.856187262E2,9.513702150E-1,1.809603238E2,1.697834439E1,7.475825039E0
5.426428171E2,5.058548873E1,8.698703909E0,1.856971877E2,1.056375501E0,1.786803478E2,1.684388714E1,7.394717400E0
5.436428115E2,5.058546583E1,8.698710682E0,1.851920121E2,1.041247559E0,1.717713703E2,1.672145143E1,7.192859118E0
5.446428070E2,5.058544433E1,8.698718818E0,1.855820557E2,1.103330592E0,1.675019849E2,1.682979910E1,7.211431540E0
5.456428020E2,5.058541955E1,8.698732139E0,1.850840525E2,1.209972852E0,1.614649456E2,1.682134027E1,7.129732847E0
5.466427975E2,5.058539112E1,8.698739626E0,1.846215417E2,1.410088799E0,1.635418093E2,1.687119759E1,7.145056052E0
5.476427926E2,5.058537046E1,8.698751367E0,1.848331613E2,1.259289400E0,1.587393038E2,1.689070153E1,7.156721734E0
5.486427877E2,5.058533992E1,8.698766759E0,1.840392380E2,1.533837389E0,1.535566007E2,1.679307709E1,7.019737679E0
5.496427828E2,5.058530019E1,8.698775044E0,1.842778665E2,1.524242425E0,1.565961868E2,1.668795894E1,6.933681459E0
5.506427791E2,5.058524780E1,8.698780180E0,1.835427832E2,1.694033892E0,1.544273362E2,1.652362315E1,7.187348295E0
5.516427742E2,5.058520321E1,8.698804862E0,1.828463546E2,1.845926974E0,1.442165721E2,1.640986666E1,7.549558086E0
5.526427689E2,5.058517234E1,8.698824419E0,1.829875842E2,1.619130424E0,1.369550985E2,1.622271596E1,7.770129740E0
5.536427640E2,5.058515509E1,8.698829194E0,1.840191466E2,6.446639330E-1,1.201378966E2,1.620291404E1,7.865225629E0
5.546427596E2,5.058514323E1,8.698819209E0,1.841142283E2,1.696909189E-1,9.858129063E1,1.618489883E1,7.952729926E0
5.556427554E2,5.058513782E1,8.698814854E0,1.845252184E2,2.803809401E-1,9.858127813E1,1.608934998E1,7.755912038E0
5.566427501E2,5.058513126E1,8.698820430E0,1.844577508E2,2.652660450E-1,9.858127299E1,1.581721710E1,7.669658761E0
5.576427453E2,5.058512369E1,8.698809361E0,1.838315967E2,7.786434155E-2,9.858125090E1,1.571445974E1,7.679925353E0
5.586427422E2,5.058511821E1,8.698797388E0,1.847569104E2,2.078861777E-1,9.858123126E1,1.552290641E1,8.125588809E0
5.596427357E2,5.058511362E1,8.698795898E0,1.843934799E2,1.331587064E-1,9.858122268E1,1.539201452E1,7.845278275E0
5.606427311E2,5.058510721E1,8.698805660E0,1.844815791E2,2.009883659E-1,9.858122163E1,1.514403399E1,7.527393078E0
5.616427269E2,5.058511206E1,8.698814658E0,1.840389535E2,1.495508387E-1,9.858123755E1,1.471325335E1,7.049306939E0
5.626427214E2,5.058510991E1,8.698829239E0,1.846030301E2,3.494876876E-1,1.019090138E2,1.455057291E1,6.954198166E0
5.636427169E2,5.058511255E1,8.698851555E0,1.843749493E2,7.410185671E-1,8.538338054E1,1.455354430E1,6.767967709E0
5.646427126E2,5.058511751E1,8.698871012E0,1.841438318E2,8.837501852E-1,7.614166299E1,1.483771858E1,6.916299020E0
5.656427071E2,5.058512012E1,8.698893565E0,1.833830659E2,1.016099557E0,7.655324954E1,1.515137075E1,6.915525270E0
5.666427022E2,5.058511464E1,8.698918671E0,1.840115997E2,9.096175614E-1,8.791022418E1,1.515355028E1,6.772652950E0
5.676426983E2,5.058511063E1,8.698920312E0,1.841281617E2,2.355847133E-1,9.345567760E1,1.524829251E1,6.971048441E0
5.686426934E2,5.058511384E1,8.698926896E0,1.843121244E2,1.738139374E-1,9.345568427E1,1.508758763E1,6.891533824E0
5.696426890E2,5.058511322E1,8.698934762E0,1.840614245E2,7.333895240E-2,9.345569020E1,1.475186058E1,6.533415219E0
5.706426840E2,5.058510734E1,8.698947408E0,1.837492311E2,1.994549664E-1,9.813675206E1,1.441901900E1,5.949539221E0
5.716426786E2,5.058510755E1,8.698961244E0,1.834037195E2,3.717521060E-1,9.813676325E1,1.455541209E1,5.002112613E0
5.726426740E2,5.058510514E1,8.698977378E0,1.838749431E2,8.689575169E-1,1.014207864E2,1.409963960E1,3.734424733E0
5.736426698E2,5.058508639E1,8.698989454E0,1.825715365E2,1.243506095E0,1.210426903E2,1.371209851E1,3.000000000E0
5.746426646E2,5.058506179E1,8.699007827E0,1.830701908E2,1.496568316E0,1.393281631E2,1.351063287E1,3.081272679E0
5.756426598E2,5.058507372E1,8.699059767E0,1.823289065E2,1.095716603E0,1.206929940E2,1.355606659E1,3.315237128E0
5.766426550E2,5.058507805E1,8.699079943E0,1.820595733E2,5.798204107E-1,1.148525779E2,1.383616722E1,3.449432267E0
5.776426510E2,5.058510052E1,8.699167110E0,1.831273544E2,7.745354368E-1,1.019918286E2,1.557882806E1,3.806840775E0
5.786426467E2,5.058509106E1,8.699249214E0,1.827154616E2,1.162345469E0,1.083037052E2,1.648696834E1,4.214280703E0
5.796426414E2,5.058507843E1,8.699317303E0,1.828432136E2,1.198129645E0,1.145593901E2,1.706530293E1,4.702245124E0
5.806426369E2,5.058506629E1,8.699388284E0,1.828507109E2,1.387988705E0,1.190250545E2,1.693109224E1,4.849119815E0
5.816426319E2,5.058505085E1,8.699446106E0,1.814259088E2,1.302282776E0,1.309205331E2,1.718421808E1,5.029753131E0
5.826426274E2,5.058504136E1,8.699504776E0,1.819277618E2,1.463700327E0,1.272480480E2,1.720689272E1,5.412031178E0
5.836426215E2,5.058503435E1,8.699550388E0,1.812336521E2,1.465842795E0,1.286392526E2,1.737637051E1,5.603512926E0
5.846426177E2,5.058502995E1,8.699587484E0,1.816535064E2,1.270805877E0,1.308994890E2,1.729870927E1,5.636268913E0
5.856426132E2,5.058502661E1,8.699624512E0,1.807662688E2,1.100032748E0,1.287796363E2,1.715703551E1,5.402692020E0
5.866426084E2,5.058502941E1,8.699645979E0,1.804842551E2,5.230109485E-1,1.284891379E2,1.716306424E1,5.101809415E0
5.876426032E2,5.058502886E1,8.699667101E0,1.805086890E2,3.858982598E-1,1.282258379E2,1.728592747E1,4.705701635E0
5.886425991E2,5.058502843E1,8.699686243E0,1.800256135E2,6.154479450E-1,1.227453729E2,1.720789442E1,4.420182991E0
5.896425935E2,5.058502070E1,8.699722239E0,1.797652925E2,9.817672095E-1,1.293753786E2,1.728818753E1,4.486520215E0
5.906425890E2,5.058501702E1,8.699739072E0,1.798540101E2,5.960915485E-1,1.383337019E2,1.706968227E1,4.826865153E0
5.916425837E2,5.058501539E1,8.699755570E0,1.800198059E2,3.386525632E-1,1.367333961E2,1.675362075E1,4.814562476E0
5.926425790E2,5.058500916E1,8.699771474E0,1.798126946E2,3.326933608E-1,1.367334083E2,1.641369702E1,4.644859921E0
5.936425747E2,5.058500862E1,8.699791649E0,1.798065039E2,4.231737322E-1,1.187979143E2,1.613147527E1,4.600509343E0
5.946425701E2,5.058500478E1,8.699823630E0,1.804177665E2,8.799350752E-1,1.160253114E2,1.601946686E1,4.614772488E0
5.956425656E2,5.058500136E1,8.699846893E0,1.797071697E2,6.353467752E-1,1.297790934E2,1.581528333E1,4.615336691E0
5.966425610E2,5.058500591E1,8.699858378E0,1.799743166E2,1.669042507E-1,1.275749952E2,1.549883480E1,4.667465445E0
5.976425552E2,5.058500429E1,8.699871885E0,1.795889341E2,8.011621056E-2,1.275750055E2,1.516394647E1,4.574430963E0
5.986425509E2,5.058499798E1,8.699888873E0,1.792341391E2,2.570389202E-1,1.275750185E2,1.487743069E1,4.684599315E0
5.996425461E2,5.058499706E1,8.699904414E0,1.790268986E2,2.290610427E-1,1.275750303E2,1.475981114E1,4.650606540E0
6.006425420E2,5.058499127E1,8.699925807E0,1.790884211E2,3.684677366E-1,1.275750467E2,1.462305538E1,4.497885766E0
6.016425380E2,5.058498603E1,8.699943048E0,1.792023745E2,3.644382800E-1,1.275750599E2,1.448962504E1,4.451974400E0
6.026425326E2,5.058498112E1,8.699957133E0,1.792375375E2,3.912159677E-1,1.275750707E2,1.425371417E1,4.336421119E0
6.036425278E2,5.058498020E1,8.699971124E0,1.792418732E2,3.755228912E-1,1.275750812E2,1.388129756E1,4.240841299E0
6.046425232E2,5.058497232E1,8.699987523E0,1.789208640E2,4.692885202E-1,1.275750939E2,1.363043709E1,4.198104052E0
6.056425184E2,5.058496788E1,8.700000183E0,1.788367238E2,4.036395558E-1,1.275751036E2,1.333408485E1,4.100257957E0
6.066425136E2,5.058496985E1,8.700015722E0,1.787625444E2,3.926342548E-1,1.275751153E2,1.303485792E1,3.912313740E0
6.076425080E2,5.058497044E1,8.700030036E0,1.784147689E2,4.494807632E-1,1.275751260E2,1.283227097E1,3.760160972E0
6.086425047E2,5.058496978E1,8.700052198E0,1.789938100E2,6.687793203E-1,1.230829530E2,1.264958101E1,3.696483838E0
6.096424994E2,5.058496321E1,8.700063869E0,1.786074818E2,7.491746447E-1,1.404000771E2,1.250646323E1,3.594793658E0
6.106424948E2,5.058496341E1,8.700079521E0,1.786444180E2,7.594109885E-1,1.320244848E2,1.229966555E1,3.471026700E0
6.116424894E2,5.058496549E1,8.700091555E0,1.789135094E2,6.548448072E-1,1.228427943E2,1.200843487E1,3.356215252E0
6.126424855E2,5.058496268E1,8.700101019E0,1.789995193E2,2.636400296E-1,1.340983697E2,1.188773745E1,3.425782146E0
6.136424799E2,5.058496816E1,8.700123130E0,1.791756178E2,1.953263308E-1,1.340983927E2,1.166960490E1,3.437368543E0
6.146424760E2,5.058496672E1,8.700140726E0,1.796052258E2,3.838503454E-1,1.340984092E2,1.138138878E1,3.307868343E0
6.156424704E2,5.058494572E1,8.700172762E0,1.794233801E2,9.598820380E-1,1.290078044E2,1.135736963E1,3.244412541E0
6.166424657E2,5.058493608E1,8.700181701E0,1.793804264E2,7.822144475E-1,1.458318719E2,1.109831129E1,3.074951602E0
6.176424615E2,5.058492746E1,8.700204933E0,1.788912015E2,7.939514196E-1,1.380474848E2,1.123016838E1,3.102987487E0
6.186424565E2,5.058492084E1,8.700229380E0,1.786705036E2,7.647082091E-1,1.361122676E2,1.177999360E1,3.540962703E0
6.196424521E2,5.058491328E1,8.700244771E0,1.785559419E2,7.748902584E-1,1.377948769E2,1.201786747E1,3.550527016E0
6.206424459E2,5.058490839E1,8.700258818E0,1.794469735E2,5.673078686E-1,1.346517683E2,1.228024552E1,3.604077526E0
6.216424428E2,5.058490012E1,8.700283129E0,1.792598745E2,5.764053629E-1,1.302500994E2,1.244478050E1,3.575253490E0
6.226424372E2,5.058489313E1,8.700301478E0,1.788658443E2,6.024568591E-1,1.292664239E2,1.293795023E1,3.639706202E0
6.236424326E2,5.058488795E1,8.700322980E0,1.788736271E2,7.293153289E-1,1.296864790E2,1.326321560E1,3.664882270E0
6.246424277E2,5.058488144E1,8.700339990E0,1.783865378E2,7.673279323E-1,1.313681913E2,1.378232964E1,3.763213954E0
6.256424232E2,5.058486960E1,8.700361815E0,1.793558139E2,8.123005786E-1,1.353891313E2,1.428553427E1,3.873098821E0
6.266424181E2,5.058486122E1,8.700380702E0,1.794770254E2,7.096700090E-1,1.376390012E2,1.469722541E1,4.136910251E0
6.276424141E2,5.058485050E1,8.700401213E0,1.790127719E2,4.262966498E-1,1.368108906E2,1.488352429E1,4.230771332E0
6.286424081E2,5.058485656E1,8.700393258E0,1.787142471E2,2.262973609E-1,1.368108845E2,1.570732853E1,4.569985819E0
6.296424042E2,5.058484536E1,8.700367818E0,1.786470641E2,3.232544189E-1,1.368108623E2,1.621571406E1,4.860813461E0
6.306424000E2,5.058484896E1,8.700335668E0,1.787598340E2,1.513021491E-1,1.368108358E2,1.664682103E1,4.656053943E0
6.316423944E2,5.058484200E1,8.700305524E0,1.787194033E2,2.181385877E-1,1.368108100E2,1.715170113E1,4.391394200E0
6.326423894E2,5.058482782E1,8.700291537E0,1.786895249E2,1.429943021E-1,1.368107970E2,1.742478826E1,4.216219969E0
6.336423858E2,5.058481051E1,8.700291489E0,1.789302910E2,8.259710933E-1,1.300876959E2,1.745617870E1,4.279261082E0
6.346423805E2,5.058478441E1,8.700219423E0,1.785852507E2,4.027261001E-1,2.345070335E2,1.754913835E1,4.839973502E0
6.356423755E2,5.058477276E1,8.700184154E0,1.785128314E2,4.650169542E-2,2.345070068E2,1.740006214E1,5.252839697E0
6.366423707E2,5.058474393E1,8.700144941E0,1.785445372E2,1.523270994E-1,2.345069752E2,1.728780003E1,5.509392591E0
6.376423656E2,5.058471877E1,8.700102401E0,1.785437359E2,6.905967435E-2,2.345069417E2,1.696185515E1,5.884148192E0
6.386423612E2,5.058470295E1,8.700064038E0,1.784255759E2,0.000000000E0,2.345069122E2,1.660975310E1,6.127113077E0
6.396423570E2,5.058470295E1,8.700064038E0,1.784255759E2,0.000000000E0,2.345069122E2,1.618093460E1,5.973817933E0
6.406423517E2,5.058470295E1,8.700064038E0,1.784255759E2,0.000000000E0,2.345069122E2,1.569938981E1,6.089484226E0
6.416423469E2,5.058470295E1,8.700064038E0,1.784255759E2,0.000000000E0,2.345069122E2,1.572040835E1,6.502181966E0
6.426423427E2,5.058470295E1,8.700064038E0,1.784255759E2,0.000000000E0,2.345069122E2,1.552871205E1,6.857618023E0
6.436423371E2,5.058470295E1,8.700064038E0,1.784255759E2,0.000000000E0,2.345069122E2,1.534186301E1,6.457125051E0