Time (s),Latitude (°),Longitude (°),Height (m),Velocity (m/s),Direction (°),Horizontal Accuracy (m),Vertical Accuracy (°),DGM_Height_m
0.0137360096,50.5851592,8.699124576,180.3711085,,,34.57300444,30.0,164.8100128173828
0.01406002045,50.58527465,8.699211299,180.4474826,,,34.095014,31.96504296,163.43301391601562
0.0168210268,50.58534101,8.699334308,191.0232864,,,40.83185427,30.0,162.38400268554688
0.03975498676,50.58534087,8.699335923,191.0240227,,,40.82510253,30.0000585,162.3900146484375
1.587084532,50.58536841,8.699399586,190.4503852,0.1237216368,,32.71868747,27.02597967,162.05601501464844
2.587093115,50.58530898,8.699419021,182.8378319,0.2680571377,,24.35214936,6.870299514,162.42601013183594
3.587099791,50.58527297,8.699447472,182.3931529,0.2128748596,,18.08977382,6.768209125,162.34201049804688
4.587106586,50.58526124,8.699474065,182.1878149,0.07024979591,,12.36023336,6.726740141,162.33401489257812
5.537113905,50.5852447,8.699477046,182.0598851,0.1690243334,,12.77348598,6.699252945,162.3820037841797
6.487120509,50.58526147,8.699508242,181.9660554,0.06011405587,,12.45569656,7.565594271,162.0880126953125
7.436926961,50.58525092,8.69950218,181.898915,0.06380443275,,12.37254955,6.79926328,162.2110137939453
8.386603355,50.5852305,8.6995151,181.8522796,0.1543161422,,13.11881995,6.849099683,162.21900939941406
9.336610317,50.58522872,8.699516551,181.8084581,0.2210336626,,13.02476749,8.366862337,162.21900939941406
10.2870965,50.58522917,8.699514307,181.7737408,0.1172133759,,13.27380308,6.889128819,162.21900939941406
11.23760164,50.58521962,8.699524982,181.7534156,0.1635546386,42.27246915,13.46018137,7.214450939,162.12600708007812
12.18760836,50.58520736,8.699531931,181.7228951,0.1324845105,129.5215165,9.999321105,11.64461907,162.09400939941406
13.13727736,50.58521004,8.699513736,180.8725384,0.2059374154,52.07869965,9.676646867,30.0,162.20700073242188
14.08676469,50.58519384,8.699543117,181.6931918,0.2059374154,,13.46921751,10.876402,161.99000549316406
15.03677106,50.58519291,8.699542425,181.6761215,0.07088673115,,14.03836584,12.09152743,161.99000549316406
15.9879899,50.58518987,8.699542709,181.6439536,0.1377628446,,15.85071109,14.12687324,161.99000549316406
16.93799639,50.58518728,8.699546362,181.6549198,0.1009996012,,14.9621975,13.29487448,161.98300170898438
17.88693786,50.58520042,8.699553086,181.6314302,0.381749481,42.43865798,7.582666808,7.291626326,161.88800048828125
18.83741403,50.58520872,8.699546334,181.5990347,0.1887319088,,8.772699714,8.715435691,162.00601196289062
19.78742063,50.58521463,8.699533897,181.5922521,0.2615942955,257.7538817,9.854257273,9.896448316,162.00601196289062
20.7374599,50.58521752,8.6995281,181.5983935,0.2615942955,274.7111435,8.684866111,8.650219109,162.12600708007812
21.73246646,50.58521886,8.699505496,181.6204986,0.8471690416,259.8872351,10.11879477,10.00944419,162.2310028076172
22.73247421,50.58521881,8.699496025,181.6444203,0.8539717197,237.4471343,13.18556865,13.04947598,162.3360137939453
23.73248124,50.58521692,8.699494296,181.6338821,0.8471690416,217.2472155,9.667716241,9.542656563,162.3360137939453
24.73248827,50.58521325,8.699474869,181.6728227,0.8539717197,232.8911195,9.378574326,9.327795926,162.52200317382812
25.73249567,50.58520195,8.699451094,181.7062395,1.297419071,226.6030839,9.352596543,9.181381772,162.5120086669922
26.73250258,50.58519024,8.699417021,181.733958,1.956822395,232.9066309,8.930654617,8.631405465,162.71900939941406
27.73250973,50.58518589,8.699395256,181.7319481,1.956822395,240.4318632,11.94336504,11.24687679,162.84300231933594
28.73251688,50.58517919,8.699382462,181.7385333,1.64791286,235.0512389,7.306754518,6.686715657,162.8990020751953
29.73252499,50.5851763,8.699360878,181.7333137,1.532296896,241.9621988,10.5678567,9.571115057,163.13400268554688
30.73253214,50.58516908,8.699346324,181.768134,1.417351961,238.3296972,7.575069595,6.689351299,163.25100708007812
31.73253894,50.58516202,8.699322668,181.7905847,1.530375719,237.4250993,7.626116313,6.682331852,163.36700439453125
32.73254657,50.58515184,8.69929806,181.8022754,1.530375719,235.1881632,7.664782693,6.680307447,163.6090087890625
33.73255301,50.58514155,8.69924281,182.0275301,1.983737242,240.365978,6.007785641,3.0,164.12901306152344
34.73256028,50.58513494,8.699220333,181.8717525,1.992689738,240.2942238,6.19136972,3.0,164.31100463867188
35.73256755,50.58512934,8.699206933,182.2629838,1.678634753,233.2745088,6.458944903,3.0,164.5050048828125
36.73257506,50.585123,8.699186933,181.9619334,1.4282351,238.1794045,6.58968386,3.0,164.66500854492188
37.73258173,50.58511872,8.699168527,182.5245399,1.329076915,246.391697,6.622867489,3.0,164.7650146484375
38.7325896,50.58511502,8.699135957,182.6463594,1.646555012,254.8206542,6.534753433,3.0,165.156005859375
39.7325964,50.58511895,8.699113156,182.9509034,1.395229089,268.0541857,6.390623192,3.0,165.12400817871094
40.73260415,50.58511157,8.699091851,182.7585158,1.391539956,247.6267292,6.275917958,3.0,165.39401245117188
41.73261166,50.58511092,8.699080019,183.0251017,1.086350026,260.9975484,6.101229793,3.0,165.4530029296875
42.73261845,50.58510556,8.699056442,182.8586421,1.233628015,252.2929956,5.983904463,3.0,165.55801391601562
43.73262537,50.5851017,8.699041974,183.2735564,0.9274889811,263.7685215,5.896923691,3.0,165.69200134277344
44.73263323,50.5850927,8.699030124,183.3023446,0.9470626793,235.6033151,5.935297807,3.0,165.78500366210938
45.73263991,50.58508378,8.699012815,183.1996328,1.199722685,234.1497302,5.928240941,3.0,165.90000915527344
46.73264802,50.58507715,8.698993989,183.3048145,1.25997837,238.2093102,6.107896697,3.0,166.2010040283203
47.73265433,50.58507217,8.698989844,182.5243863,1.076231265,238.846047,6.349794154,3.0,166.2010040283203
48.7326616,50.58506969,8.698986821,183.3420393,0.8354261933,238.1412092,6.378727852,3.0,166.22500610351562
49.73266876,50.58506721,8.698968317,182.898803,0.9607658679,248.5908928,6.277399586,3.0,166.50100708007812
50.73267627,50.58506239,8.698956306,183.3705534,0.9024245881,252.7297562,6.277399586,3.0,166.50100708007812
51.73268342,50.58505873,8.698926277,182.6447973,1.145745205,257.7335917,6.312608881,3.0,166.5430145263672
52.73269069,50.58505448,8.698914522,183.4433991,1.021094542,258.3109574,6.404614369,3.0,166.5430145263672
53.73269784,50.58504213,8.698890322,182.8020375,1.112625172,252.30168,6.537350098,3.0,166.85800170898438
54.73270476,50.58502577,8.698879394,183.1894197,0.9618059436,237.5105675,6.641826874,3.0,167.04100036621094
55.73271275,50.58501713,8.698860706,182.9628407,0.8891661576,240.3840999,6.65739797,3.0,167.17100524902344
56.73271954,50.5850143,8.698846301,183.2170141,0.6450573666,245.092325,6.611588014,3.0,167.28500366210938
57.73272669,50.58500544,8.698822575,183.0923283,0.811133776,245.0336541,6.475715557,3.0,167.46400451660156
58.73273361,50.58500519,8.698790201,182.5466719,0.9571265189,252.8884296,6.633201118,3.0,167.59800720214844
59.73274136,50.58499731,8.698755122,183.0943515,1.007969814,244.4562372,6.598996271,3.0,167.8620147705078
60.73274863,50.58500421,8.698716971,183.2514991,0.5758478065,258.2728983,6.85762458,3.0,167.96600341796875
61.73275542,50.58501258,8.698700842,183.3921772,0.3542010622,286.7649413,6.911585564,3.0,168.05101013183594
62.73276281,50.58502036,8.698662116,183.8544533,0.7347266291,287.2284335,7.242897919,3.0,168.11500549316406
63.73276985,50.58502402,8.698639053,182.6296486,0.7353825697,290.2803969,7.324833406,3.0,168.2130126953125
64.73277783,50.58502424,8.698623454,183.537077,0.4074515763,289.4135985,7.37693108,3.0,168.22601318359375
65.73278475,50.58502763,8.698603689,183.2313182,0.3400072843,288.8353774,7.42503638,3.0,168.2340087890625
66.73279214,50.58502323,8.698592609,183.772873,0.4308824829,288.8353715,7.496383804,3.0,168.32701110839844
67.73279929,50.58501322,8.698578776,182.3588539,0.5945272856,237.4796087,7.681208918,3.0,168.39500427246094
68.73280644,50.58500368,8.698570149,183.5212354,0.6979555381,215.7486707,7.727850066,3.0,168.4650115966797
69.73281372,50.58499804,8.698562158,182.7007492,0.6306329066,211.2925413,7.654751594,3.0,168.4650115966797
70.73282135,50.58499226,8.698548202,183.9229148,0.8061608866,214.5765327,7.890166954,3.0,168.50900268554688
71.73282754,50.5849861,8.698535371,183.1998959,0.757228909,217.437995,8.138824941,3.0,168.5550079345703
72.73283577,50.58498179,8.698533604,183.8077726,0.4889248635,206.2716611,8.224123989,3.0,168.5550079345703
73.73284292,50.58497874,8.698532739,183.9527424,0.2749717535,199.5774338,8.43007756,3.0,168.5850067138672
74.73284948,50.5849708,8.698525007,183.7317303,0.3047446232,199.5774264,8.435533836,3.0,168.60800170898438
75.73285687,50.58496272,8.698520792,183.796543,0.2895572917,199.5774233,8.517849808,3.0,168.61900329589844
76.73286426,50.58495526,8.698511976,183.8912466,0.3288860908,199.5774145,9.244824367,3.0,168.6320037841797
77.73287129,50.58494228,8.698486665,184.3639802,0.9162234061,215.6298923,9.943304521,3.0,168.80601501464844
78.73287821,50.5849395,8.698470726,183.6029561,0.8746048941,224.4524322,10.20991728,3.0,168.8360137939453
79.73288596,50.5849407,8.698476595,184.0317317,0.3595266757,220.729175,10.72590862,3.007553562,168.80601501464844
80.73289287,50.58493337,8.698460875,183.5048508,0.4979124497,235.5288702,11.40589446,3.237723987,168.90301513671875
81.73290074,50.58492692,8.698449137,183.940708,0.5444924307,231.2855759,12.08281482,3.352715385,168.90301513671875
82.73290765,50.58492012,8.698420544,183.5218203,0.8021194518,229.1109383,12.73346853,3.590996467,168.99501037597656
83.73291457,50.58491502,8.698383539,184.000129,0.8977261733,236.4379143,12.9676062,3.682223461,169.15701293945312
84.73292184,50.58491127,8.698338291,183.9761862,1.182133515,242.1624583,13.61189263,3.81144819,169.2620086669922
85.73292875,50.58490967,8.698293209,183.5023468,1.515915814,243.5308154,13.61189263,3.750478017,169.39700317382812
86.73293674,50.58490349,8.698246159,183.100197,1.824514888,246.7055898,13.95855651,4.23441725,169.62501525878906
87.73294389,50.58488938,8.698208492,184.015289,1.954556827,241.2611816,14.2992323,4.337451358,169.75001525878906
88.73295116,50.58488967,8.698169025,183.0371163,1.912546365,251.0822799,14.75767258,4.428354334,169.89700317382812
89.73295832,50.5848791,8.698134469,184.3528129,1.968860653,247.0849101,14.8803816,4.372964515,169.99900817871094
90.73296487,50.58486453,8.698106004,182.9299044,1.985978335,239.8408019,14.8950134,4.298058765,170.14601135253906
91.73297226,50.58485085,8.698075603,183.6862834,2.002250633,235.4282751,14.82135603,4.190853757,170.2830047607422
92.73297918,50.58483654,8.698047841,182.6715923,1.98786732,230.5688366,14.69494447,4.113030383,170.34100341796875
93.73298633,50.58481637,8.698027052,184.0114264,2.041394734,221.7602916,14.68888083,4.063691537,170.50100708007812
94.73299384,50.58480013,8.698004008,183.561895,2.028626765,222.8070794,14.83478805,4.089028267,170.61900329589844
95.73300123,50.58477923,8.697991775,183.9155839,1.925702914,216.4354511,14.67902172,4.029503874,170.72000122070312
96.73300862,50.5847642,8.697971985,183.8028816,1.904368429,216.0875459,14.45260899,3.925074501,170.82501220703125
97.73301601,50.58475033,8.697943354,183.039249,1.902142558,219.6197636,14.32377483,3.89219074,170.9320068359375
98.73302257,50.58473326,8.697913543,184.1203093,1.933863413,220.6764234,14.31202391,3.866869102,170.96800231933594
99.73303068,50.584715,8.697886506,183.196009,1.963596426,219.1450506,14.29139354,3.818794135,171.15301513671875
100.7330372,50.58469878,8.697864398,183.6770947,1.916531521,216.5829725,14.15516494,3.762567668,171.19900512695312
101.733045,50.58468149,8.697841343,183.2417577,1.94823519,215.513276,14.25559112,3.742088788,171.26800537109375
102.7330519,50.58466853,8.697813303,183.8756222,1.906247565,216.0949589,14.59680896,3.879914128,171.39401245117188
103.7330588,50.58465694,8.697780555,184.0969368,1.936071379,221.1076098,14.62355882,3.943793638,171.47801208496094
104.7330669,50.58464838,8.697745394,183.7952446,1.896787436,230.0939658,14.31454897,3.898342938,171.5070037841797
105.7330737,50.58463778,8.697717138,184.0501351,1.851290396,233.2823691,14.00551287,3.854475162,171.62200927734375
106.733081,50.58462942,8.697688013,183.3993498,1.87647304,236.0260164,13.79065502,3.811019148,171.71900939941406
107.7330879,50.58461685,8.697662092,183.9248412,1.897782845,228.2191035,13.7705368,3.84194647,171.80300903320312
108.7330955,50.58460506,8.697631724,184.0773876,1.990163678,222.8486957,13.78127406,3.930524473,171.88400268554688
109.733102,50.58459919,8.69759906,183.5396001,1.830754725,231.9640937,13.52935241,3.881105884,171.9290008544922
110.7331096,50.58458524,8.697581843,183.913094,1.693726569,225.7795199,13.17015126,3.833297204,172.0430145263672
111.7331173,50.58457661,8.697558202,183.9454722,1.67315851,228.430517,12.83472047,4.087277583,172.04000854492188
112.733124,50.58457122,8.697529717,182.8379508,1.631410716,233.9657729,12.80632749,4.066329559,172.14300537109375
113.7331309,50.58456516,8.697503952,184.1955057,1.631001185,236.5846194,12.6267556,3.94512584,172.1590118408203
114.7331392,50.58455619,8.697481361,183.7102866,1.576900643,233.8341054,12.40845734,3.82325867,172.22500610351562
115.7331463,50.58454489,8.697459001,183.7331436,1.667420857,229.3701712,12.17518692,3.74537336,172.3090057373047
116.7331527,50.58453366,8.697437891,184.1206363,1.671177095,225.6204082,12.04734294,3.587905254,172.37901306152344
117.7331603,50.58452361,8.697416443,183.5219198,1.654479295,226.8462915,12.10982458,3.64634515,172.4650115966797
118.7331669,50.58451351,8.697398367,184.3208169,1.363961297,228.2200761,12.20438388,3.620117533,172.51901245117188
119.7331743,50.58451231,8.697380227,182.9371276,0.889742345,230.0370583,12.22199811,3.636477301,172.54901123046875
120.7331824,50.58450703,8.697350382,183.9342224,1.02201819,232.2345803,12.22795168,3.643779272,172.6070098876953
121.7331893,50.58449992,8.697325562,183.4562349,1.087816844,229.1210253,12.01795857,3.56484337,172.65200805664062
122.7331967,50.58449279,8.697300281,184.5256506,1.305529479,231.2330774,11.91820833,3.454846216,172.75100708007812
123.7332032,50.58449335,8.697281406,183.2651002,1.07410722,239.787992,11.89365972,3.41985535,172.7650146484375
124.7332103,50.5844876,8.697265512,184.050666,0.974165425,237.8415112,11.85269649,3.360024282,172.8570098876953
125.7332178,50.58448076,8.697250075,183.565973,0.9505167044,234.5460465,11.51962405,3.201435748,172.91900634765625
126.7332258,50.58446741,8.697224544,184.3710771,1.221972208,234.6830697,11.52744678,3.16092079,172.99600219726562
127.7332323,50.58445893,8.697202838,183.9162528,1.116752268,234.9993539,11.6534644,3.181477537,173.07701110839844
128.7332395,50.58444531,8.697172906,184.3117825,1.263605848,232.5625567,11.70507688,3.209863491,173.1510009765625
129.7332466,50.58443294,8.697151454,184.3548011,1.30471848,227.0651822,11.61959855,3.164551333,173.29000854492188
130.7332542,50.5844243,8.697131565,184.1719708,1.211705299,229.2945508,11.87783421,3.198113943,173.34701538085938
131.7332613,50.58441302,8.697107206,184.3996339,1.268671169,233.4726187,11.94081281,3.152968549,173.44801330566406
132.7346201,50.58440203,8.697093605,184.0076968,1.167105475,225.1771005,12.04286032,3.15011384,173.5240020751953
133.7350547,50.5843918,8.697070769,184.4728487,1.097317968,228.4588321,11.97426853,3.119220572,173.59201049804688
134.7350619,50.58437063,8.697043541,184.1863786,1.484647055,223.9883902,12.06901976,3.189398766,173.76901245117188
135.734826,50.58436399,8.69702962,183.9738381,1.113480988,216.2523368,12.0155438,3.386732321,173.78001403808594
136.7348505,50.58435836,8.696997723,183.9769142,1.16772142,227.3209851,12.3327711,3.412213198,173.89300537109375
137.7348572,50.5843495,8.696981159,183.9011421,0.992434118,222.2053958,12.18410376,3.362640329,173.97801208496094
138.7355545,50.58434322,8.696949139,184.3833179,0.9991154217,234.9203043,12.18249836,3.396224535,174.07200622558594
139.7352127,50.58432839,8.696915155,183.5854184,1.36926035,233.914306,12.29856509,3.415990478,174.13101196289062
140.7352192,50.58431882,8.696894728,184.5275354,1.237311598,232.5305263,12.17674476,3.352284584,174.21200561523438
141.7352966,50.58431509,8.696871604,183.6636801,1.240115301,238.5532144,12.02625522,3.254164885,174.2630157470703
142.7345452,50.5843071,8.696842802,183.8405449,1.471848129,243.9991979,11.93862216,3.18032151,174.3360137939453
143.7345526,50.58429799,8.696824589,183.1369964,1.512566116,243.9987381,12.05956923,3.273860176,174.4130096435547
144.7347319,50.58428615,8.696803995,184.1935737,1.498295231,241.8894595,12.01373129,3.164219095,174.49501037597656
145.7352365,50.58427375,8.696786188,183.2598897,1.448993623,236.8944814,11.9731645,3.069914308,174.5780029296875
146.7352445,50.58426487,8.696777809,183.9344723,1.231622581,228.428994,12.12801944,3.091538996,174.656005859375
147.7352515,50.58425897,8.696765663,183.4076342,1.06950293,226.9971002,12.10615125,3.0,174.72801208496094
148.7352585,50.58425305,8.696756231,184.0181837,0.8260877823,222.3958551,12.06648993,3.0,174.80601501464844
149.7352656,50.58424672,8.696750543,183.0286704,0.6694570837,217.8435809,12.14070886,3.0,174.80601501464844
150.7352731,50.58422805,8.696730098,184.293958,1.210013024,216.7629269,12.09523923,3.0,174.95401000976562
151.7352804,50.58422678,8.696711456,183.3630791,1.090465159,229.5834679,11.935898,3.0,175.00100708007812
152.7352872,50.5842181,8.696695819,183.9493215,1.089573463,232.284181,12.12708128,3.0,175.0690155029297
153.7352949,50.58420918,8.696685439,183.0022145,1.083449064,230.5455927,11.96253444,3.0,175.12400817871094
154.7353023,50.58421294,8.696663467,183.7290883,0.7171519447,259.6502254,11.85746799,3.0,175.0880126953125
155.7353094,50.58420534,8.696635227,183.2648614,0.9195211028,257.0410612,11.85746799,3.0,175.12400817871094
156.735316,50.58419634,8.696609958,183.8537662,0.938437715,254.7272646,11.82311765,3.0,175.19000244140625
157.7353237,50.58418226,8.696583532,183.3416077,0.7846392491,244.1198837,11.78983451,3.0,175.427001953125
158.7353311,50.58416765,8.696553724,183.2459071,0.7189268144,233.564621,11.80015694,3.0,175.58700561523438
159.7353383,50.58416108,8.696518587,183.7805058,0.8861998424,242.8643774,11.73994593,3.0,175.6940155029297
160.735346,50.58414908,8.696485054,183.3285637,0.9721343887,242.0959812,11.61092427,3.0,175.8590087890625
161.7353531,50.58413854,8.696467856,183.7581736,0.8985049659,232.9505543,11.62695066,3.0,175.9560089111328
162.7353599,50.58413262,8.696451105,183.2096088,0.7712576065,231.2669547,11.56198052,3.0,175.99301147460938
163.7353669,50.58412678,8.696430097,182.8691565,0.7755997497,233.6501953,11.59910858,3.0,176.07000732421875
164.7353741,50.58411855,8.696401804,184.1622962,0.8491473248,230.8387094,11.69536406,3.0,176.17300415039062
165.7353815,50.5841215,8.696343877,182.4472928,0.9236565007,244.7856093,11.64605981,3.0,176.21400451660156
166.735389,50.58410892,8.696316242,184.4554916,0.9362078602,228.3026774,11.58575721,3.0,176.36700439453125
167.735396,50.58410792,8.696284236,183.1740809,0.7923031066,234.9919853,11.7276658,3.0,176.3780059814453
168.7354035,50.5841025,8.696255963,183.6842647,0.6757979661,231.659234,11.58057069,3.0,176.4110107421875
169.7354106,50.58409781,8.696242098,183.1720874,0.3828784494,230.0134945,11.64174523,3.0,176.46701049804688
170.7354176,50.58407803,8.696227222,183.950135,0.6514795634,204.1089239,11.33529775,3.0,176.62701416015625
171.7354249,50.58406154,8.696215448,183.1278621,0.869351867,194.2112512,11.10826609,3.0,176.7150115966797
172.7354318,50.58406369,8.696206311,184.1702565,0.3106309054,178.8086325,10.90066484,3.0,176.7150115966797
173.7354388,50.58405567,8.69619805,183.6853154,0.1757633181,177.1875885,10.78023054,3.0,176.7150115966797
174.7354468,50.58404264,8.696184217,184.1272213,0.46770357,187.6106795,10.65088786,3.0,176.80801391601562
175.7354541,50.58403247,8.696174883,183.7088735,0.4563256267,198.5864229,10.58257687,3.0,176.8570098876953
176.7354608,50.5840235,8.696166261,183.7728137,0.4566278915,199.1375402,10.29716572,3.0,176.9110107421875
177.735468,50.58401679,8.696150873,184.1804307,0.4658215149,199.1375282,10.20293288,3.0,176.93800354003906
178.7354753,50.58400352,8.696128065,183.6383591,0.8164637757,219.7747158,10.18875866,3.0,177.00100708007812
179.7354828,50.5839967,8.696113417,184.027918,0.7641514347,220.6157527,10.36959536,3.0,177.04000854492188
180.7354903,50.5839825,8.696099016,183.2760236,0.7594725958,213.4968457,10.48277564,3.0,177.1330108642578
181.7354968,50.5839755,8.696085434,184.075167,0.6822172124,213.5655405,10.58445741,3.0,177.13600158691406
182.7355045,50.58396966,8.696068684,183.1965971,0.7146187152,220.145915,10.35786966,3.0,177.22000122070312
183.7355113,50.58396478,8.696044657,183.9510324,0.665109196,231.9192459,10.62467193,3.0,177.32000732421875
184.7355192,50.58396057,8.696023347,183.0125894,0.6687544057,235.369751,10.69685554,3.0,177.3570098876953
185.7355261,50.58394707,8.696005081,183.7668407,0.8497498451,226.2817216,10.76781893,3.0,177.4530029296875
186.7355328,50.58393934,8.695985044,183.4819504,0.8692972502,227.7611774,10.74280887,3.0,177.47601318359375
187.7355398,50.58393816,8.695960875,183.4056758,0.7065042597,231.8562401,10.95327854,3.0,177.4980010986328
188.7355472,50.58393772,8.695916271,183.8053265,0.6529929959,246.0306346,11.29833852,3.0,177.54701232910156
189.7355545,50.58394644,8.69586758,183.7613156,0.5982545919,256.0465461,11.39745731,3.0,177.6400146484375
190.7355616,50.58394849,8.695821972,183.6626551,0.8169389003,255.0280743,11.47624504,3.0,177.6800079345703
191.7355696,50.58394363,8.695785566,183.7089682,0.7963787339,247.4450398,11.5919505,3.0,177.739013671875
192.7355766,50.58394569,8.695746091,183.5895252,0.7333682869,242.8131,11.8636636,3.0,177.8260040283203
193.7355834,50.58395109,8.695724287,184.3473522,0.3867077929,245.0865387,11.93641582,3.0,177.78500366210938
194.7355911,50.5839459,8.695692914,183.5388904,0.661854524,237.7730141,11.76514898,3.0,177.9080047607422
195.7355983,50.58393895,8.695681385,184.3082537,0.518004795,212.2552485,11.63746922,3.0,177.92601013183594
196.7356054,50.58394017,8.695665788,183.8591123,0.1593700644,211.0685952,11.59036966,3.0,177.96600341796875
197.7356131,50.58392951,8.695646019,184.4231781,0.5296215078,212.1496902,11.58113302,3.0,178.02301025390625
198.7356201,50.58391867,8.695632301,183.4519353,0.7164846032,212.55614,11.54827515,3.0,178.12501525878906
199.7356268,50.58390765,8.695619789,184.3652818,0.8330583031,203.1613947,11.59424852,3.0,178.18301391601562
200.7356339,50.58389695,8.695615255,183.3505093,0.7348565228,192.9179798,11.49024401,3.0,178.27200317382812
201.7356417,50.58388868,8.695599822,184.469984,0.6389988764,200.4051696,11.52933702,3.0,178.3310089111328
202.7356485,50.58388155,8.695577026,183.3596155,0.6876744221,211.4389768,11.94319678,3.0,178.40501403808594
203.735656,50.58387405,8.695539714,184.2383088,0.9372209646,223.8495933,12.40852178,3.0,178.47500610351562
204.7356637,50.58387285,8.695501224,183.1053281,0.9187502979,239.6884968,13.35451804,3.0,178.53001403808594
205.7356704,50.58387272,8.695442788,184.4662721,1.038825021,243.0944212,13.84349329,3.02431167,178.59300231933594
206.7356778,50.58388287,8.695384395,183.6573006,0.8970488587,249.9715199,14.13278758,3.128930061,178.6540069580078
207.7356846,50.58388304,8.695335157,184.3985192,0.7402207484,243.8327638,14.37618891,3.227279444,178.7790069580078
208.7356915,50.58388167,8.695297314,183.2505423,0.4800218793,238.7176895,14.45104972,3.285903538,178.8780059814453
209.7356991,50.58387425,8.695273046,184.2994543,0.4694458673,227.2953225,14.64413409,3.319307165,178.92601013183594
210.7357068,50.58386441,8.695244966,184.2906725,0.539145215,220.6922571,14.56664546,3.349350713,178.98300170898438
211.7357136,50.58386277,8.695232963,184.3992551,0.171262074,218.2437694,14.43994583,3.395900505,179.0380096435547
212.7357209,50.58385945,8.695218438,184.2651307,0.188568332,218.243758,14.20835384,3.430954742,179.00601196289062
213.7357279,50.58384335,8.695202033,184.874562,0.5247176987,209.6778273,13.9231871,3.405677683,179.1420135498047
214.7357357,50.58382973,8.695185457,185.1149829,0.5855953473,203.8564578,13.6553355,3.617578122,179.18101501464844
215.7357423,50.5838194,8.695170632,184.4303125,0.7036239534,203.8512265,13.29029616,3.338022021,179.1820068359375
216.7357504,50.58380545,8.695153648,185.0906788,0.813812369,203.4328719,13.09257165,3.195498951,179.32901000976562
217.7357574,50.58379708,8.695132223,184.1934833,0.8578086517,211.7490365,13.04257258,3.162365945,179.37501525878906
218.7357641,50.58378682,8.695108987,184.7310469,1.036707729,216.4502319,12.86976694,3.007779057,179.42201232910156
219.7357718,50.58377084,8.695080041,184.5660022,1.253549649,220.9751551,12.80533459,3.0,179.5430145263672
220.7357785,50.5837601,8.695053224,184.6668283,1.206158088,225.7777476,13.00515,3.0,179.6020050048828
221.7357862,50.58375037,8.695033342,183.9341423,1.060678846,225.4675047,12.98924246,3.0,179.78700256347656
222.7357936,50.58374147,8.695008118,184.3187929,1.09201928,228.6937754,13.15816201,3.0,179.75900268554688
223.7358003,50.58373713,8.694973255,184.1757442,0.8438760141,240.1508297,13.13038936,3.0,179.81800842285156
224.7358073,50.58372626,8.694929442,184.073833,0.9274736995,240.1879924,13.30683917,3.0,179.90701293945312
225.7358147,50.58372247,8.694889428,183.9155807,0.9273958101,249.6417995,13.61103795,3.0,180.00201416015625
226.735822,50.58371425,8.694861863,184.2371747,0.7716130933,246.4150489,13.76036851,3.0,180.08900451660156
227.7358295,50.58371381,8.69481484,183.7662273,0.8672248959,248.6378715,13.85026078,3.0,180.20901489257812
228.7358364,50.58372623,8.694728382,183.6954022,0.9614433187,254.4468963,14.3430714,3.056130458,180.50001525878906
229.7358437,50.58373349,8.694681016,183.3212519,0.7360912298,254.4503239,14.49922287,3.136755437,180.72601318359375
230.735851,50.583735,8.694645809,183.6732211,0.6295186077,250.2315912,14.53473568,3.1908346,180.8330078125
231.7358587,50.58373237,8.694620084,183.6972803,0.5594146053,241.4955292,14.32344795,3.153396928,180.93101501464844
232.7358652,50.58372557,8.69459863,183.8556661,0.5278301629,227.6730635,14.2896836,3.114661369,181.04701232910156
233.7358727,50.58372498,8.694570998,183.3767736,0.6296363376,239.4972213,14.21996484,3.125668439,181.15301513671875
234.7358801,50.58372206,8.694549196,183.9268346,0.5015063671,246.9836088,13.91586728,3.139418331,181.2080078125
235.7358875,50.58371717,8.694523216,183.5512145,0.6815208661,242.8738189,13.92499275,3.167814923,181.31300354003906
236.7358943,50.58370714,8.694501525,183.64446,0.9545374198,236.5093626,13.98049182,3.204800804,181.3560028076172
237.7359016,50.58369601,8.694488524,183.6548376,0.7979769093,229.4318671,13.8277502,3.456182192,181.42100524902344
238.7359092,50.58368575,8.69446862,183.7290091,0.8483925886,232.3735986,13.83727163,3.140939999,181.52700805664062
239.735916,50.58368098,8.694442654,183.9722769,0.9885498505,240.024913,13.51080671,3.226152514,181.635009765625
240.7359236,50.58367446,8.694420178,183.4519753,1.120352441,239.5123185,13.15387832,3.032698903,181.6800079345703
241.7359306,50.58366368,8.694383159,183.8143866,1.497983146,236.7965429,13.3404878,3.064629783,181.83900451660156
242.7359374,50.58366102,8.694340409,183.2407317,1.671784566,242.0912649,13.4547947,3.056887575,181.9820098876953
243.7359455,50.58366256,8.694292321,183.4359126,1.384522795,238.9973307,13.42546629,3.230032716,182.13600158691406
244.7359519,50.58366388,8.694253478,183.3421399,1.024623924,237.7939113,13.46184719,3.181742217,182.3000030517578
245.7359596,50.58367105,8.694216706,182.9011393,0.556122759,249.6304499,13.60048165,3.137647447,182.4610137939453
246.7359662,50.58366817,8.694192655,182.9665751,0.3282026545,243.7365175,13.76941769,3.064983748,182.50401306152344
247.7359735,50.58366283,8.694177198,182.6531261,0.215801933,243.7365054,14.21521754,3.078673907,182.5640106201172
248.7359809,50.5836479,8.694165757,182.7628903,0.2614746488,243.736494,14.30479277,3.083708156,182.6230010986328
249.7359884,50.58364636,8.694153846,182.1127949,0.2530618245,243.7364853,14.39505024,3.004603157,182.68600463867188
250.7359952,50.58363374,8.694134422,182.906545,0.4001094418,228.4000836,14.46951567,3.091545207,182.7270050048828
251.736003,50.58362252,8.694116069,182.0743873,0.6932133095,208.5168317,14.18180813,3.0855567,182.84500122070312
252.7360098,50.58360894,8.694109482,182.4575442,0.9068246796,193.0202007,13.88065118,3.067727386,182.8300018310547
253.7360171,50.58358927,8.694089415,181.6361509,1.284897554,198.4173459,13.74377008,3.019767338,182.9350128173828
254.7360247,50.58357733,8.694073083,182.2884181,1.286351872,201.6584589,13.59149309,3.0,182.99400329589844
255.7360317,50.58357113,8.694051543,181.3819064,1.409185129,207.4655723,13.4419766,3.0,183.04800415039062
256.7360387,50.58357554,8.694031094,181.5581337,0.9415215953,219.9155036,13.71354331,3.0,183.1630096435547
257.7360458,50.58360223,8.693996528,181.6323739,0.6441391311,262.1864292,13.66063042,3.0,183.2320098876953
258.7378012,50.58360608,8.693940778,181.7682242,0.8704608058,261.4536841,13.95775014,3.005909996,183.39700317382812
259.7378737,50.58361741,8.693895461,181.5622604,0.8612849537,270.3952115,14.26386751,3.104297785,183.5070037841797
260.7378805,50.58363789,8.69384459,181.4960502,0.708737251,286.4069233,14.39315586,3.280211594,183.64300537109375
261.7372769,50.58367029,8.693807398,181.7158699,0.5944030207,326.2164229,14.39984866,3.385456132,183.77301025390625
262.7379878,50.58367238,8.693771723,181.8663149,0.1861295411,330.6029834,14.37821897,3.509566622,183.84901428222656
263.7379955,50.58367633,8.693743206,181.496423,0.298037081,330.2585658,14.43012159,3.714305089,183.91400146484375
264.7374169,50.58367065,8.693709916,181.6345251,0.6552713189,292.6005134,14.41707849,3.678148745,183.97601318359375
265.7377633,50.58366737,8.693674482,181.5197782,1.272825188,280.565474,14.54770967,4.088207938,184.0570068359375
266.7377704,50.58365412,8.693643452,181.3822619,1.440064003,267.6638923,14.78288801,4.085122407,184.11500549316406
267.7380593,50.58364312,8.693628609,181.9002111,1.178986853,259.7424317,14.8656213,4.084907134,184.14700317382812
268.7371688,50.58362404,8.693602179,181.0481288,1.376412121,252.0760772,14.80497707,4.170518399,184.2130126953125
269.7371755,50.58361386,8.693590401,181.6813445,1.142942922,248.4343819,14.71242782,4.168653943,184.24000549316406
270.7376969,50.5836002,8.693567469,180.7191092,1.023470618,248.5951678,14.81318225,3.969475707,184.28900146484375
271.7376474,50.58358631,8.693544788,181.2821645,0.8573245386,248.2800338,14.78944352,3.883853939,184.32400512695312
272.7376549,50.58357253,8.6935286,180.0373834,0.6531537143,246.3011282,14.8822604,3.937667725,184.38400268554688
273.7376624,50.58355957,8.693508223,181.4287386,0.6245736326,248.5649027,14.98129397,3.850762444,184.47300720214844
274.7376691,50.58352904,8.693476471,180.2304656,0.9150507623,236.5933858,14.91872642,3.73849836,184.59300231933594
275.7376767,50.58349629,8.693439097,180.7111899,0.9366823976,235.4301443,14.98289819,3.952424648,184.72300720214844
276.7376835,50.583467,8.693404586,179.9858133,0.8165936537,241.0850014,15.08385581,4.196438249,184.84300231933594
277.7376912,50.58343828,8.693390564,180.9483346,0.6209182927,229.6141703,15.1674163,4.140674323,184.9250030517578
278.7376986,50.58340731,8.693373269,180.6965448,1.147251392,224.8786521,14.97312939,3.941750033,185.04400634765625
279.7377051,50.58338943,8.693346556,180.3266325,1.608417642,229.7323387,14.90576753,3.764024994,185.1160125732422
280.7377124,50.58337089,8.693326786,180.591581,2.076805209,225.5588522,14.73233214,3.76966717,185.17001342773438
281.7377199,50.58335339,8.69331384,179.4651338,2.062486629,219.9612621,14.43618239,3.698514628,185.22300720214844
282.7377268,50.58333094,8.693304786,180.2597197,2.003727848,209.7932944,14.60295296,3.691794044,185.24700927734375
283.7377341,50.58330565,8.693297415,179.9994583,1.646121644,199.3682495,14.46420392,3.645250176,185.302001953125
284.7377411,50.58329715,8.693286789,180.0718907,0.7737289109,210.4792483,14.29990894,3.548105095,185.32701110839844
285.7377493,50.58329435,8.693286405,179.6335314,0.1698365463,224.6177047,14.19577435,3.53449129,185.32701110839844
286.7377563,50.58328861,8.693273778,179.8376818,0.2790146593,224.6176951,14.16143604,3.495810703,185.3610076904297
287.737763,50.5832817,8.69326666,179.2264025,0.5192722238,224.6176894,14.19228991,3.378300893,185.38400268554688
288.7377704,50.58326864,8.693270289,179.665695,0.4631098264,224.6176909,14.20595557,3.371256914,185.40301513671875
289.7377774,50.58325499,8.693264068,179.6891554,0.4102482496,224.6176853,14.32396033,3.744413688,185.4440155029297
290.7377849,50.58324618,8.693263967,179.6279714,0.3419972569,224.6176844,13.96864393,3.40549942,185.4560089111328
291.7377918,50.58323835,8.693253319,179.6761517,0.1866307969,224.6176761,13.70954189,3.623682694,185.47601318359375
292.7377998,50.58322414,8.693236893,178.7453366,0.5345386957,273.9993112,13.70954189,3.464125708,185.52000427246094
293.7378068,50.58319987,8.693241214,179.3130661,0.8135312367,209.2778172,13.60301107,3.301555772,185.59800720214844
294.7378141,50.58317715,8.693235003,178.3735446,1.50475028,198.1145256,13.80243789,3.156224557,185.64401245117188
295.7378207,50.58316254,8.693227097,179.3534594,1.675930179,198.5638734,13.70400268,3.0,185.78900146484375
296.7378284,50.58313973,8.693230035,178.9794784,1.964279453,189.3776416,13.66097521,3.17177131,185.7740020751953
297.7378358,50.58311942,8.693222042,178.8155009,2.109313702,190.2613816,13.5098869,3.032225453,185.6120147705078
298.7378426,50.58309746,8.693206301,178.8233349,2.19720771,193.855375,13.41750037,3.0,185.67901611328125
299.7378497,50.58307371,8.693197111,178.0812802,2.012434759,190.2261967,13.35191732,3.0,185.7790069580078
300.7378572,50.58305243,8.693173541,178.8086785,1.667660238,191.5091615,13.24992591,3.0,185.86801147460938
301.7378641,50.58304135,8.69312861,177.8589191,1.131790831,201.773862,13.24787328,3.0,185.9340057373047
302.7378716,50.58303667,8.693101089,178.6616559,0.7232460341,218.0318635,13.17396491,3.0,185.99600219726562
303.7378792,50.5830384,8.693078804,177.7074196,0.3789172478,252.4162385,13.21714423,3.0,186.04200744628906
304.7378858,50.58302674,8.693045095,178.627493,0.7731239783,242.6753811,13.49515435,3.0,186.1750030517578
305.7378937,50.58302528,8.693016944,177.4923904,0.8657417111,251.7317635,13.96879654,3.0,186.22100830078125
306.7379004,50.58302055,8.692995261,178.125973,0.8761707566,248.3065076,13.83868392,3.0,186.30801391601562
307.7379078,50.58302075,8.69298002,177.1207986,0.7613278248,254.1413715,14.0581554,3.0,186.3400115966797
308.7379155,50.58302101,8.692963545,178.1410645,0.6542589856,259.8453913,14.11423235,3.0,186.41900634765625
309.7379224,50.58302916,8.692942624,177.3999884,0.5374201451,281.5343124,13.90907269,3.0,186.44100952148438
310.7379295,50.583025,8.692907898,177.715589,0.6460176761,276.6230665,14.14245431,3.0,186.53201293945312
311.7379369,50.58302245,8.692882316,177.4291755,0.480804462,275.2440646,14.04893815,3.0,186.5590057373047
312.7379438,50.58302334,8.692854381,177.5526274,0.4484627553,275.3599333,13.84400789,3.0,186.60000610351562
313.7379512,50.58302194,8.692825082,177.5479487,0.3000647262,275.3599101,13.79331977,3.0,186.62100219726562
314.7379583,50.58301714,8.69278398,177.4868503,0.6336726465,277.6280557,13.59639585,3.0,186.8800048828125
315.7379658,50.58300922,8.692764988,177.6178648,0.5665574379,254.4204638,13.43425064,3.0,186.96400451660156
316.7379729,50.58300454,8.692745289,177.7951654,0.7228882517,251.624463,13.1279919,3.0,187.041015625
317.7379804,50.58300227,8.692718322,176.4657072,1.110496892,255.6717052,12.90714612,3.0,187.1330108642578
318.7379875,50.58299846,8.692696603,177.6032297,1.226748359,253.2852683,13.21012214,3.0,187.14601135253906
319.7379949,50.58299953,8.692666285,176.7587359,1.242744345,257.8145494,13.02982126,3.0,187.19200134277344
320.7380021,50.58299655,8.692634189,177.1000991,1.331285748,259.4796576,12.95103291,3.0,187.22601318359375
321.7380085,50.5829954,8.692596825,176.0512312,1.467083777,257.9560895,13.10753398,3.0,187.53900146484375
322.7380161,50.58299784,8.692591211,177.4133541,0.8033497564,249.3514914,13.20387032,3.0,187.53900146484375
323.7380234,50.58300074,8.692551978,176.3962553,1.020209643,259.2736246,13.18261371,3.0,187.64700317382812
324.7380311,50.58300404,8.692511284,176.5366076,0.670239548,263.8368766,13.2235497,3.0,187.72801208496094
325.7380373,50.58301253,8.692474914,176.4957286,0.5204172238,281.7061747,13.44336736,3.0,187.81300354003906
326.7380453,50.58302518,8.692445322,176.6639126,0.4601421619,302.3516417,13.21299802,3.0,187.81800842285156
327.7380526,50.58303756,8.692416906,176.5659998,0.1981136257,302.3516197,13.05102063,3.0,187.74301147460938
328.7380593,50.5830425,8.69238551,176.0882111,0.3964695254,302.3515954,13.17686777,3.003377824,188.4090118408203
329.7380664,50.5830438,8.692337843,176.8157689,0.7966193471,284.5514411,13.16413371,3.038730023,188.8610076904297
330.7380743,50.58304383,8.692303767,175.4432896,0.9599405417,270.3232743,13.07519195,3.014911668,188.84400939941406
331.7380815,50.5830422,8.692274581,176.7243771,0.8400021745,268.713867,13.02678752,3.033254015,188.6320037841797
332.7380884,50.58303896,8.692238614,176.0112998,0.7489155325,264.2777895,12.91469574,3.067683846,188.0760040283203
333.7380958,50.58302793,8.69221906,176.2221387,0.6019194845,237.1471,12.66579211,3.022555585,188.041015625
334.7381026,50.58302685,8.692187302,176.0309657,0.6317184906,246.7424073,12.49776808,3.0,187.99801635742188
335.7381102,50.583032,8.692169321,175.7194088,0.3572017941,263.8862004,12.23656707,3.0,187.89700317382812
336.7381171,50.58303347,8.692144208,176.0120034,0.4483302566,263.8861815,12.02033519,3.0,187.80801391601562
337.7381241,50.58303014,8.692116863,175.4478591,0.6029121822,263.4856493,11.8896752,3.0,187.62001037597656
338.7381314,50.5830378,8.692103431,175.6066323,0.1835323807,297.8188812,11.87446194,3.0,187.53001403808594
339.7381386,50.58304443,8.692077664,175.6253031,0.146673801,297.81886,11.90798929,3.0,187.50100708007812
340.7381457,50.58304632,8.692049454,175.4133306,0.2792690752,297.8188334,11.981778,3.006676317,187.49200439453125
341.7381532,50.58305106,8.692023959,174.9046164,0.5505331535,306.3941056,12.03994607,3.08209762,187.59300231933594
342.7381603,50.58306088,8.691984413,175.4837525,0.7850868095,297.5374286,12.19646438,3.082576131,187.51800537109375
343.7381678,50.5830857,8.691927835,174.8752956,0.5061642339,293.9989585,12.51094268,3.271946314,187.6320037841797
344.7381748,50.58310259,8.691868907,174.8933612,0.2017983048,272.2223507,12.8473531,3.345015271,187.4320068359375
345.7381821,50.58310859,8.691828647,174.996154,0.1663362709,272.2223208,13.03131717,3.38810109,187.61801147460938
346.7381893,50.58311003,8.691785208,174.8413258,0.5793850325,214.9849008,13.2889884,3.434192155,187.40501403808594
347.7381966,50.58310481,8.691740435,174.7661451,1.090195304,222.1570703,13.46500986,3.428286237,187.48001098632812
348.7382041,50.58310037,8.691709797,174.50452,1.094706851,221.3067084,13.51736375,3.400252124,187.5340118408203
349.7382112,50.58309092,8.691674661,174.6824854,1.489498494,226.3151651,13.43732671,3.318072129,187.67300415039062
350.7382183,50.58309158,8.691653437,174.6268227,1.337818113,239.3308031,13.27361442,3.284370857,187.7360076904297
351.7382253,50.58308165,8.691626599,174.1116783,1.549063074,245.4133871,13.23719631,3.292171878,187.9110107421875
352.7382332,50.58309105,8.691618614,174.431409,1.103243156,271.6743587,13.25093851,3.308340068,187.9440155029297
353.7382401,50.58309634,8.69161512,173.7902453,0.9460290678,291.5699222,13.00398106,3.185913582,187.9440155029297
354.7382474,50.58308991,8.691608038,174.3206232,0.8047616162,286.8484911,12.78577934,3.138319055,188.0380096435547
355.7382542,50.58309156,8.691604491,173.1947264,0.7007258719,296.5687753,12.86659113,3.205394729,187.99000549316406
356.7382617,50.58309303,8.691605139,174.0022553,0.6007909287,302.9565877,12.74347895,3.115772079,187.99000549316406
357.7382685,50.58309545,8.691608295,172.8326333,0.5123095565,306.5566204,12.74105955,3.101153662,187.99000549316406
358.7382761,50.58308999,8.691603997,174.1252143,0.399547821,289.7556575,12.63516274,3.033340134,188.0380096435547
359.7382836,50.5830886,8.691575977,173.3824604,0.8928475326,277.9806327,12.63516274,3.046821505,188.10501098632812
360.7382907,50.58308463,8.691575907,173.9542228,0.3082012229,275.5419124,12.52180434,3.12369597,188.10501098632812
361.7382975,50.58308496,8.691557834,172.8933696,0.5319592898,288.8666585,12.32342922,3.160507728,188.07400512695312
362.7383051,50.58308913,8.691549572,174.2259063,0.5269501425,340.3674319,12.19632546,3.09208614,187.9530029296875
363.7383121,50.58308048,8.691521273,173.1415755,0.6376483757,290.582328,12.06358944,3.0,187.9610137939453
364.73832,50.58308346,8.691490599,173.723358,1.051763663,295.8276337,11.79581363,3.0,188.01400756835938
365.7383271,50.58309098,8.69147664,172.9503607,1.134712459,306.1859132,11.85064125,3.0,188.00001525878906
366.7383336,50.58309076,8.691467085,173.633653,0.8531541636,298.6152242,11.67981131,3.0,187.98800659179688
367.7383417,50.58310095,8.691448478,173.391529,1.105885162,303.0425806,11.64030099,3.0,187.9870147705078
368.7383485,50.58310829,8.691404324,173.285043,1.7705053,298.4918542,11.63722454,3.0,187.97100830078125
369.7383562,50.58310913,8.691372203,173.835274,1.962057932,294.1249837,11.54922346,3.0,187.94200134277344
370.7383627,50.58310926,8.691337904,174.0417074,2.056400161,288.406488,11.52127506,3.0,187.85101318359375
371.7383704,50.58311145,8.691301263,173.3576955,2.045733627,287.9511365,11.29433358,3.0,187.8450164794922
372.7383777,50.58311406,8.69125971,173.0334499,1.987071926,287.5123534,11.00739165,3.0,187.74200439453125
373.7383844,50.58311112,8.691222969,173.0012666,2.019238703,281.2320537,10.65561791,3.0,187.7530059814453
374.7383921,50.58311445,8.691191314,173.363692,2.088040999,283.3346381,10.32317126,3.0,187.75601196289062
375.7383994,50.58311722,8.69115972,172.6946975,2.092741422,284.6022229,10.07684685,3.0,187.79400634765625
376.7384064,50.58312055,8.691126746,173.2404643,2.104937592,284.7769383,9.852455569,3.0,187.88600158691406
377.7384138,50.58312797,8.691093191,172.5391674,2.135036842,289.7014916,9.642632521,3.0,187.87301635742188
378.7384205,50.58312851,8.691056701,172.8067019,2.099268892,288.0140489,9.527436286,3.0,187.87901306152344
379.7384276,50.58314226,8.691027241,172.1155022,2.180501148,297.2151854,9.170705474,3.0,187.84701538085938
380.7384353,50.58314985,8.690998881,172.67621,2.189189689,298.2966494,9.083550847,3.0,187.8400115966797
381.7384427,50.58315513,8.690969754,172.3926866,2.206028994,298.1245917,9.015071314,3.0,187.8100128173828
382.7384497,50.58315899,8.690944023,172.564739,2.093493517,295.1236795,8.927902494,3.0,187.77101135253906
383.7398021,50.58316777,8.69092145,171.4363571,1.958877676,298.5548897,8.860754938,3.0,187.72601318359375
384.7399412,50.58317737,8.690896883,172.247519,1.977822383,302.7775881,8.714616258,3.0,187.6160125732422
385.7399484,50.58318896,8.6908737,171.4725242,1.963386361,309.7967852,8.95874563,3.0,187.50001525878906
386.7398447,50.58319298,8.690850213,172.0126943,1.918943815,309.1897256,8.754344086,3.0,187.50601196289062
387.7396549,50.58319529,8.690819203,171.5264724,1.971546692,301.7095917,8.581644527,3.0,187.44900512695312
388.739663,50.58318978,8.690782164,171.9250941,2.01800699,288.6134918,8.501620547,3.0,187.43800354003906
389.7406276,50.58319122,8.690749639,171.6587387,2.096763848,286.0756407,8.423410556,3.0,187.47601318359375
390.7403568,50.58319142,8.690725241,171.8510472,2.051037302,279.7298985,8.450499645,3.0,187.49801635742188
391.7403647,50.58319471,8.690708161,171.9340582,1.869787294,281.202232,8.492191373,3.0,187.4580078125
392.7401131,50.58320081,8.6906744,171.8361068,2.011984069,286.2979002,8.347338391,3.0,187.3330078125
393.7404838,50.58320338,8.690648832,171.1607224,1.974087126,291.453971,8.406485721,3.0,187.3380126953125
394.7404912,50.58320743,8.690621756,171.9083069,2.065364603,298.1527994,8.379719017,3.0,187.2320098876953
395.7401536,50.58320385,8.690590558,170.3325286,2.049563609,294.1308589,8.560948466,3.0,187.3280029296875
396.7406942,50.58319849,8.690550642,171.2376486,2.112917241,289.7948528,8.463440468,3.0,187.29901123046875
397.7407023,50.58320254,8.690516618,170.9285576,2.064133354,292.8706004,8.4666421,3.0,187.36001586914062
398.7407089,50.58319693,8.690476367,171.1767417,1.843423707,283.4206121,8.773639013,3.0,187.22201538085938
399.7407159,50.58319623,8.690442038,171.1301873,1.879019903,284.7746137,8.682263615,3.0,187.2340087890625
400.7407237,50.58320449,8.690409359,170.1969959,1.915869338,291.9222566,8.912496265,3.0,187.12001037597656
401.7407312,50.58321111,8.690372738,171.3047744,1.961113078,296.0831858,8.945358621,3.0,187.04701232910156
402.7407379,50.58321602,8.690343625,169.7499243,1.85258519,297.7415196,9.224137367,3.0,186.97900390625
403.7407454,50.58322071,8.69032006,171.1572471,1.489253578,300.8031448,9.092638012,3.0,186.94200134277344
404.7407527,50.58322431,8.690291327,171.0985825,1.647170017,297.1563243,8.971226944,3.0,186.87001037597656
405.7407596,50.58321684,8.690266771,170.6286471,1.431858009,286.8676411,8.742058669,3.0,186.77601623535156
406.7407665,50.583217,8.690234431,171.1133178,1.628804084,283.0593103,8.518458858,3.0,186.72900390625
407.7407746,50.58322137,8.690225856,170.7676322,1.13107048,292.4546902,8.342146516,3.0,186.72900390625
408.7407809,50.58322531,8.690210724,171.3029864,0.8656455515,303.1148366,8.301122591,3.0,186.60301208496094
409.7407885,50.58322787,8.690188997,169.6930066,0.8842287914,303.3595537,8.350320372,3.0,186.5860137939453
410.7407963,50.58322875,8.690158276,170.728809,1.023904265,295.1640579,8.410985454,3.0,186.57701110839844
411.7408031,50.58322817,8.690132638,169.8177379,1.115244089,289.4213958,8.456730479,3.0,186.5780029296875
412.7408102,50.58323336,8.690104748,170.6923383,1.28063613,295.0305671,8.726599763,3.0,186.4910125732422
413.7408178,50.58324107,8.690084811,169.9133429,1.081385019,306.263115,8.92843056,3.0,186.41900634765625
414.7408245,50.58324962,8.690061712,170.7520864,0.7308507387,336.4636694,8.998948622,3.0,186.34300231933594
415.7408319,50.58324711,8.690039091,170.3088013,0.4771485843,344.1883323,8.971573834,3.0,186.4090118408203
416.7408395,50.58325612,8.690003836,170.7479629,0.8932471075,334.4489021,9.516662459,3.0,186.3620147705078
417.7408459,50.58326084,8.689978316,170.2942017,0.9630600405,330.4306538,9.63875321,3.0,186.2580108642578
418.7408534,50.58325092,8.689955034,170.5041994,0.6109895089,305.0446223,9.963472323,3.0,186.37701416015625
419.7408607,50.5832321,8.689924472,170.5990834,0.6350637118,272.4567899,10.11544355,3.0,186.37400817871094
420.7408676,50.58322142,8.689900738,170.218835,0.7134282237,269.4706699,10.24432029,3.0,186.44000244140625
421.7408754,50.58322614,8.689869498,170.4309477,0.3918669606,280.5830681,10.70388177,3.0,186.34800720214844
422.7408829,50.58323557,8.68981889,170.4621069,0.6153163878,320.0977435,10.76231149,3.14307283,186.3190155029297
423.74089,50.58324498,8.689765096,169.7137576,0.9302611039,357.1393144,10.64021129,3.0,186.08900451660156
424.7408968,50.5832539,8.689727896,170.2497898,1.224286278,5.002738011,10.43830675,3.0,185.97000122070312
425.7409042,50.58325664,8.68969892,169.9291933,1.018974721,358.214759,10.44756329,3.0,185.9350128173828
426.7409109,50.58325003,8.689673628,170.595795,0.6219074119,331.7183507,10.86471521,3.107458391,186.03700256347656
427.740919,50.58325643,8.689660136,169.5161184,0.7049908391,330.1467605,10.86471521,3.004279473,186.08401489257812
428.7409254,50.58326294,8.689639971,170.045666,0.9345232993,325.9938927,11.30235241,3.079067784,186.1840057373047
429.7409328,50.58326331,8.689629047,169.4292553,0.6546341723,325.72285,11.3477965,3.046343435,186.23001098632812
430.7409408,50.58327567,8.689605941,169.9779402,1.027611199,326.8779134,11.64266722,3.095942811,186.1680145263672
431.7409474,50.58327519,8.68959122,169.9981579,0.7744256024,320.191556,11.75259182,3.053863485,186.18301391601562
432.7409551,50.58327447,8.689578395,169.1894509,0.5346736345,314.2445929,11.64243244,3.0,186.15501403808594
433.740962,50.58328242,8.689545716,169.7954589,0.8587251384,312.0052695,11.68217781,3.0,186.27601623535156
434.7409695,50.58329152,8.689526018,168.8314969,0.9178559803,315.3120674,11.53180181,3.0,186.260009765625
435.7409765,50.58329286,8.689508883,169.355493,0.8576328545,315.3872852,11.76442801,3.0,186.29200744628906
436.7409835,50.58329306,8.689493213,168.583295,0.6816059493,309.7257859,11.63905066,3.0,186.29701232910156
437.740991,50.58329344,8.68946945,169.2100462,0.7088223279,300.9926915,11.78136294,3.0,186.3590087890625
438.7409978,50.58329602,8.689431507,169.1039398,1.093841993,291.6418092,12.24662755,3.0,186.4580078125
439.7410049,50.5833041,8.689396128,169.0432758,1.503005643,294.3589261,12.19888709,3.0,186.37200927734375
440.7410121,50.58330662,8.689379801,169.3578786,1.162900586,294.1074936,12.03705736,3.0,186.42100524902344
441.74102,50.5833095,8.689363718,168.2038599,0.9662754171,300.6999077,11.81042321,3.0,186.3190155029297
442.7410271,50.58331797,8.689343047,168.7465496,0.8759353921,310.1649546,11.91523643,3.0,186.39700317382812
443.7410337,50.58332086,8.689308532,168.4555901,0.9766845426,306.2428003,12.11863044,3.0,186.5570068359375
444.7410414,50.58332143,8.689277207,168.7868629,1.024251987,300.0203476,12.03388788,3.0,186.53900146484375
445.7410486,50.58332139,8.689247038,168.8600332,0.8698519512,288.064472,11.81122523,3.190935392,186.67201232910156
446.7410561,50.58332489,8.68922267,168.6333502,0.7961293922,289.8398833,11.88125742,3.098909864,186.70201110839844
447.7410629,50.58332502,8.689195894,167.7128231,0.7341658939,285.666132,11.94796734,3.0,186.75401306152344
448.7410705,50.5833179,8.689173019,168.7704617,0.4647269876,269.2807686,12.50862208,3.092170566,186.8310089111328
449.7410778,50.58331681,8.689143716,167.8634077,0.3187643793,268.5907277,12.63417971,3.103539921,187.02301025390625
450.7410845,50.58331583,8.689113404,168.5765645,0.1398072124,268.7102124,12.82425406,3.236818027,187.15000915527344
451.7410917,50.58331312,8.689095742,168.6047403,0.05583703174,268.7101961,13.25910622,3.389301222,187.29701232910156
452.7410991,50.58331092,8.689057566,168.0567199,0.5699624481,275.0384014,13.21026975,3.341072761,187.40701293945312
453.7411067,50.58331834,8.689024364,168.8780724,0.6132654667,292.4042385,13.49860433,3.432328128,187.291015625
454.7411133,50.58331569,8.688996754,168.0746031,0.5993333457,276.7044106,13.51267798,3.395975699,187.63900756835938
455.7411209,50.58332033,8.688978365,168.7459332,0.5002990798,291.9416063,13.41297003,3.29563747,187.52200317382812
456.7411283,50.58332989,8.688950311,168.7809904,0.8707720765,297.9480797,13.21481375,3.1723304,187.5500030517578
457.741135,50.58334221,8.688914243,168.5058901,1.104265594,302.4860267,13.16471256,3.105386646,187.5760040283203
458.7411423,50.58335082,8.688883371,168.6431866,1.208580615,305.2465876,13.02144203,3.0,187.69801330566406
459.7411494,50.583343,8.688857062,167.8518958,0.8919261329,293.4470298,12.73791812,3.0,187.7570037841797
460.7411571,50.58334214,8.688823459,168.7090522,0.8567613117,287.3425846,13.10955592,3.0,187.85000610351562
461.741164,50.58334365,8.688789561,167.9721614,0.8643760989,287.7809373,14.07884993,3.183001033,187.93701171875
462.741171,50.58334483,8.688738695,168.4163783,0.6286960727,287.1942506,14.32170516,3.396013559,188.07101440429688
463.741179,50.583345,8.688692812,168.0052164,0.2714237392,288.3605814,14.79184817,3.559708637,188.2670135498047
464.7411854,50.58334322,8.688649952,168.2801002,0.3600409858,288.3605505,15.04510672,3.678852412,188.22900390625
465.7411932,50.58334283,8.688620025,168.2638207,0.4370489821,288.3605287,15.07694128,3.636845584,188.3620147705078
466.7412007,50.58335053,8.688598633,167.841349,0.7393429895,312.8908655,14.93194338,3.434755143,188.36700439453125
467.741208,50.58336532,8.688581493,168.0078655,1.154297776,329.5082451,14.88172558,3.365930946,188.42601013183594
468.7412145,50.58336648,8.688555371,167.5966508,1.095523983,318.7664982,14.60701853,3.306758133,188.5800018310547
469.741222,50.58336814,8.688528278,167.9765977,1.005672801,312.0642753,14.74377163,3.358056358,188.54901123046875
470.7412294,50.58336658,8.68849843,168.1280066,0.9024954926,306.9034749,15.1287709,3.784729388,188.65701293945312
471.7412361,50.58336896,8.688470749,166.8726363,1.027654977,306.9695038,15.64511214,3.906463653,188.67001342773438
472.7412437,50.58336431,8.688443869,167.8303099,0.9342447936,295.8851018,15.72315235,3.90298348,188.69200134277344
473.7412506,50.58337046,8.688418981,166.3277064,0.8163991119,298.7283036,15.5733083,3.94060085,188.75201416015625
474.7412577,50.58337514,8.688396856,168.0192408,0.7751939251,303.3317824,15.50701585,3.933455101,188.84100341796875
475.7412653,50.58337281,8.688368915,166.4648279,0.7774247543,297.0787058,15.85013862,3.943509916,188.8920135498047
476.7412722,50.58337341,8.688339528,167.6978509,1.006481982,295.1817705,15.73550629,3.813282745,188.9080047607422
477.7412795,50.58336771,8.688314231,166.3858321,0.9039125438,289.1795439,15.79906515,3.899934988,188.96600341796875
478.7412869,50.5833694,8.688282528,168.0818498,0.7463642641,292.9888835,15.91196722,3.937909648,189.07901000976562
479.7412946,50.58337501,8.688248363,166.7849364,0.9847108457,294.9984413,15.81236506,3.844259898,189.14401245117188
480.7413011,50.58338216,8.688219116,167.4652015,1.075264341,299.5392448,15.58982223,3.757202862,189.22100830078125
481.7413081,50.58339136,8.688189727,166.116851,1.283541228,305.8792467,15.7887895,3.941985441,189.3090057373047
482.7413164,50.58339346,8.688167257,167.6837753,1.107960512,305.1189122,16.12477257,4.03301526,189.41700744628906
483.7413235,50.58340367,8.688138413,166.6730767,1.112186732,312.4251329,16.22248184,3.948623457,189.45901489257812
484.74133,50.5834069,8.688118816,166.9708485,0.8602100007,317.1817385,16.0254721,3.870797084,189.5170135498047
485.7413369,50.58340781,8.688088202,165.7037504,0.8362687928,304.1408271,15.88903709,3.823012103,189.56600952148438
486.7413452,50.58341338,8.688057324,166.9068788,0.9625934524,302.2888286,16.03325056,3.893346207,189.64300537109375
487.7413517,50.58341222,8.68803044,165.9396762,0.9114159333,300.1502448,15.79899339,3.799776361,189.71800231933594
488.7413589,50.5834144,8.688001817,166.6554431,0.9268982822,296.7699365,15.37295832,3.695479124,189.76600646972656
489.7413665,50.58341751,8.687977125,166.0925896,0.8129847765,301.0427943,15.3189352,3.70135838,189.8660125732422
490.7413735,50.58342256,8.687946686,166.5730496,0.9173423382,303.3630542,15.31384921,3.677628291,189.9390106201172
491.7413806,50.5834263,8.68791953,166.5764055,0.8613900334,302.6673656,15.04862661,3.585811259,190.0550079345703
492.7413883,50.58343139,8.687890462,166.2567351,0.8762942122,305.6314778,14.82230154,3.463274882,190.0430145263672
493.7413949,50.58343408,8.687856095,166.5042604,0.9644776524,303.8892288,15.31825956,3.512179123,190.09300231933594
494.7414027,50.58343312,8.687814577,166.5690612,0.3202184117,307.2685112,15.18611049,3.865380576,190.281005859375
495.7414098,50.58343885,8.687767675,166.7563555,0.660737527,309.7337772,14.85285755,3.569462041,190.24200439453125
496.7414174,50.5834376,8.687725931,166.9569723,0.6935616994,308.47936,14.75979262,3.788705294,190.34600830078125
497.7414244,50.58344292,8.687698937,165.4453761,0.7846839363,321.1665904,14.45396997,3.625815292,190.47201538085938
498.7414317,50.58345123,8.687671349,166.6320387,1.067883291,318.0334083,14.12303901,3.49628282,190.5120086669922
499.7414387,50.58345079,8.687654776,164.7174738,0.8282720602,314.530876,13.96114431,3.447341385,190.54400634765625
500.7414463,50.58345385,8.687616563,166.5035251,1.203693616,304.603766,13.64018355,3.356619656,190.71200561523438
501.7414534,50.58345905,8.687594209,165.9890703,1.236364483,304.6132234,13.38287238,3.266213697,190.78001403808594
502.7414601,50.58346291,8.687568902,166.2086644,1.291087006,300.2739625,13.08732114,3.145876311,190.75900268554688
503.7414672,50.58346302,8.687546963,165.9688839,1.309469863,295.3974658,12.83706163,3.0,190.8380126953125
504.7414752,50.58346448,8.687524411,166.0079026,1.339334129,290.9522428,12.5603668,3.0,191.02101135253906
505.7414824,50.58346968,8.687490837,166.047197,1.605756481,290.581134,12.2654012,3.0,191.0850067138672
506.7414894,50.58347085,8.687447278,165.2662838,2.021212382,286.3005171,12.0337516,3.0,191.1330108642578
507.741497,50.58347001,8.687409396,165.6372093,2.173489951,283.3111969,11.91041687,3.0,191.2410125732422
508.7415041,50.58346758,8.687372693,164.9209439,2.1527907,279.1914669,11.54006173,3.0,191.32501220703125
509.7430623,50.58346777,8.68733277,165.7486717,2.21946537,278.1248292,11.2055201,3.0,191.6120147705078
510.7420981,50.58347116,8.687296824,165.4611965,2.203548813,280.6605258,11.02408889,3.0,191.7650146484375
511.7421052,50.58347074,8.687263035,165.5287565,2.135050536,277.2513113,10.80100497,3.0,191.79000854492188
512.7423655,50.58347312,8.687229824,164.9377101,2.090472002,279.4267168,10.78658497,3.0,191.7740020751953
513.7422919,50.58347929,8.687195333,165.2069957,2.07467774,283.6942083,10.79963994,3.0,191.79000854492188
514.7422986,50.58348599,8.687162382,165.329512,2.117466437,285.6516424,10.72035556,3.0,191.79800415039062
515.7432058,50.58349064,8.6871282,165.1024311,2.167050416,285.7242167,10.59950603,3.0,191.8330078125
516.7423652,50.58349385,8.687094387,165.1546742,2.17767682,283.6590059,10.45057787,3.0,191.89700317382812
517.7423726,50.58349263,8.687061489,165.0817258,2.125673252,277.9595885,10.15027564,3.0,191.88400268554688
518.7432106,50.5834935,8.687029668,165.3252844,2.051939258,274.812439,10.26427671,3.0,191.95001220703125
519.7429776,50.58350763,8.686995324,164.7681673,2.077922279,286.2233889,10.2210353,3.0,191.9860076904297
520.7429847,50.58351343,8.686964987,164.4427524,1.92620143,289.9033059,10.09028675,3.0,192.0360107421875
521.7426138,50.58351169,8.686930536,165.5045267,1.898200507,286.5267721,9.835811817,3.0,192.10101318359375
522.7421484,50.58350433,8.686890976,164.3063183,1.89886694,280.3526415,9.644777609,3.0,192.12600708007812
523.7421548,50.58350734,8.686854935,165.3578357,1.90906114,283.8443231,9.460631976,3.0,192.13101196289062
524.7421621,50.58351267,8.686820025,164.5326476,2.033503305,292.6081543,9.393745636,3.0,192.1640167236328
525.7421695,50.58351184,8.686782356,165.0251257,2.050517937,290.3459941,9.775114872,3.0,192.21701049804688
526.7421776,50.5835112,8.686749758,164.4810785,1.980758041,287.6168287,9.554082982,3.0,192.24700927734375
527.7421844,50.58351298,8.686715558,164.7438474,1.989921582,289.7651433,9.325665512,3.0,192.29200744628906
528.7421916,50.58351846,8.686684126,164.8168128,1.943788092,296.5393223,9.110585683,3.0,192.32400512695312
529.7421989,50.58351878,8.686655346,163.9638482,1.835289972,295.4961289,9.030153972,3.0,192.36900329589844
530.7422056,50.58352678,8.686624394,164.7903975,2.009752616,301.5972072,9.018521346,3.0,192.4080047607422
531.7422132,50.5835335,8.686600715,163.7099572,1.938040689,304.2709485,9.526154165,3.0,192.44601440429688
532.74222,50.58354248,8.686572698,164.8791758,1.920517891,306.582784,9.4692468,3.0,192.4650115966797
533.7422271,50.58354807,8.686553899,164.5335265,1.741044582,307.8858411,9.345066257,3.0,192.4810028076172
534.7422343,50.58355938,8.686539817,164.2095996,1.689546333,318.4794922,9.445154888,3.0,192.49700927734375
535.7422417,50.58356628,8.68651612,164.3436853,1.855659634,315.8999896,9.45425321,3.0,192.52101135253906
536.7422491,50.5835626,8.686483408,164.082267,1.914393217,301.5481675,9.298412249,3.0,192.5380096435547
537.7422571,50.58357242,8.686465867,164.3900011,1.993325544,312.8139261,9.102068644,3.0,192.5390167236328
538.7422639,50.58357955,8.686439168,163.3701329,2.029001132,309.6345229,9.050428758,3.0,192.5290069580078
539.7422711,50.58358731,8.68641824,164.0124229,1.989342295,307.8444721,9.046654452,3.0,192.58900451660156
540.7422783,50.58359575,8.68639756,163.5052958,1.921989268,309.0620299,8.985934445,3.0,192.614013671875
541.7422857,50.58360572,8.686378484,163.7946384,1.930444438,312.546137,8.993591631,3.0,192.70001220703125
542.7422925,50.58360828,8.686346888,163.8873507,1.865232176,311.6931854,9.32042241,3.0,192.74000549316406
543.7422994,50.58361268,8.686321558,163.7434931,1.714123247,316.2786773,9.942706629,3.0,192.98001098632812
544.7423075,50.58361451,8.686295331,164.0513093,1.556229384,317.4994534,10.47600188,3.0,192.9860076904297
545.7423147,50.5836152,8.686277058,163.5381179,1.285116494,317.2660972,11.12953076,3.0,192.96600341796875
546.7423214,50.58361105,8.686264086,163.2722692,0.925385779,310.5769106,11.29628911,3.0,192.9530029296875
547.7423285,50.58360583,8.686238664,163.8487992,0.7572953964,304.8199488,11.85180042,3.220676576,192.92001342773438
548.7423365,50.58360099,8.686213567,162.7527458,0.7516523075,300.5161873,12.37438764,3.296663313,192.8800048828125
549.7423428,50.58360739,8.686185082,164.0388239,0.9426584907,307.3241981,12.76596936,3.3713014,192.9080047607422
550.7423507,50.58360847,8.686165685,163.2932461,0.7809944651,312.922978,13.07302303,3.324518403,192.8990020751953
551.7423577,50.58360362,8.686149803,164.0554851,0.581430004,311.3913355,13.60127369,3.409705239,192.82101440429688
552.7423646,50.58360908,8.686116619,163.5419758,0.8901577123,311.6321303,14.32026245,3.652192143,192.8070068359375
553.7423718,50.5836111,8.686084685,163.4014337,1.086721323,307.1361286,15.00507437,3.775264619,192.8400115966797
554.7423793,50.58360277,8.686066765,163.8555549,0.7754895077,296.7887646,15.29749629,3.767573396,192.9320068359375
555.7423865,50.58360276,8.686042054,163.6822241,0.8227810087,295.0077125,15.48329239,3.77870934,193.0290069580078
556.7423942,50.58360989,8.686023837,163.464071,0.7598975905,307.4485548,16.20261653,4.032950914,193.0850067138672
557.7424012,50.5836104,8.686002351,163.2346908,0.6939888361,305.9562434,16.14309542,4.043201049,193.07400512695312
558.7424085,50.58361961,8.685981305,163.9063961,0.8431011498,312.0603663,16.41704046,3.996216462,193.0810089111328
559.7424158,50.58362927,8.685959247,163.0324383,1.109542899,313.1445834,15.95388573,3.85455871,193.12100219726562
560.7424225,50.58363701,8.685945858,163.5741852,1.209238335,317.3365977,15.37828168,3.655861071,193.1630096435547
561.7424296,50.58364344,8.685937845,162.1878232,1.141176047,326.6839954,15.09253395,3.493156853,193.20001220703125
562.7424368,50.58366181,8.685915583,163.6211059,1.579040141,327.3840729,14.54434165,3.306126213,193.22601318359375
563.7424443,50.58366482,8.685898159,162.3954316,1.336045295,328.7242723,14.29961307,3.224916864,193.21900939941406
564.7424518,50.58366708,8.685876958,163.3939359,1.096289044,325.4944991,13.93762075,3.104907139,193.25001525878906
565.7424592,50.58366363,8.685848858,162.950725,0.9146723766,310.388239,13.861821,3.005743974,193.2630157470703
566.7424656,50.58364556,8.685795449,163.2522953,0.8429008604,266.1626947,13.94984245,3.001944731,193.29901123046875
567.7424729,50.58364083,8.685737599,163.2269215,1.160550672,257.7316462,14.13154516,3.00535932,193.27200317382812
568.7424805,50.58364195,8.685678717,163.3393481,1.384522496,255.334429,14.5354124,3.071332104,193.15101623535156
569.7424878,50.58363885,8.685635449,163.0587313,1.306464804,246.2520734,14.66321029,3.043764414,193.1400146484375
570.7424953,50.58362823,8.685609714,163.0535068,1.196968451,233.9857361,14.93400396,3.0,193.15200805664062
571.7425023,50.58361906,8.68558198,162.850798,1.245309672,232.6131289,15.76537313,3.059843191,193.1490020751953
572.7425097,50.58362019,8.685560976,163.2371245,0.9439104748,244.3755296,15.82624147,3.015559356,193.17001342773438
573.7425169,50.58360831,8.685537479,163.4668576,1.009847669,239.5009896,15.70158723,3.167621839,193.19100952148438
574.7425233,50.58358654,8.685519661,162.8352724,1.154134765,228.5569628,15.70507961,3.127371791,193.26400756835938
575.7425309,50.58357236,8.68550648,163.303381,1.137278959,225.2953645,15.54944083,3.035301992,193.3070068359375
576.742538,50.58355276,8.685490226,162.8870671,1.10015551,223.2383997,15.47640404,3.0,193.3570098876953
577.7425449,50.58354033,8.685476409,163.8036109,0.9002529434,224.7969413,15.11754209,3.0,193.3310089111328
578.7425522,50.58352185,8.685453361,162.6707795,1.093169582,223.6057461,14.7557541,3.0,193.30101013183594
579.7425601,50.58350325,8.68542048,163.6739846,1.46318523,226.3087347,14.70720574,3.0,193.3260040283203
580.7425672,50.583473,8.68539118,163.1340141,1.927250767,220.7268857,14.67528585,3.0,193.3520050048828
581.7425748,50.5834481,8.68535875,163.9620247,2.093739469,212.9722826,14.56512967,3.0,193.77301025390625
582.7425818,50.58342142,8.685314267,162.7885522,2.203164471,208.8701413,14.22062753,3.0,194.1120147705078
583.7425884,50.58339633,8.685283321,164.3113021,2.097314759,208.3655979,13.84823099,3.0,195.0690155029297
584.7425963,50.58337218,8.68519591,163.684098,2.148040168,208.941881,13.89579943,3.0,194.85101318359375
585.7426035,50.58335317,8.685145774,164.0842482,2.069548786,205.3046021,13.93309408,3.0,193.7550048828125
586.7426105,50.58333382,8.685099462,163.4845663,2.067837609,204.640051,13.71886593,3.069790204,192.81600952148438
587.7426177,50.58331291,8.685069705,163.9234786,2.09046292,203.9507787,13.44054475,3.0,192.5330047607422
588.7426245,50.58329517,8.685044749,163.6727545,2.115187711,206.468703,13.22282779,3.0,192.53201293945312
589.7426318,50.58327416,8.68503023,164.0624349,2.123055529,205.2612934,13.13251843,3.0,192.76901245117188
590.7426398,50.58325565,8.685014052,163.647176,2.106713762,207.0603976,12.7309549,3.0,192.74200439453125
591.7426465,50.58323997,8.684993196,164.1859749,1.924420838,212.3393177,12.57035706,3.0,192.48501586914062
592.7426537,50.58322296,8.68499091,163.9764752,1.674726918,207.6154264,12.31224829,3.0,192.5050048828125
593.7426611,50.58321226,8.68498579,164.1080563,1.339099049,206.4476606,12.04517014,3.0,192.5080108642578
594.7426678,50.58320041,8.684968471,164.1903787,1.278486873,210.3665085,11.91660581,3.0,192.50201416015625
595.7426754,50.58319175,8.68495556,164.6146241,1.088659807,212.3983117,11.56677676,3.0,192.47100830078125
596.7426825,50.58317383,8.684947417,164.3675483,1.176368455,206.5873073,11.37229681,3.0,192.47900390625
597.7426901,50.58316918,8.684933274,164.8366953,0.985183012,210.4978374,11.18310607,3.0,192.62001037597656
598.7426969,50.58316137,8.684894502,164.1270032,1.083174722,221.4277542,11.2087821,3.0,192.61900329589844
599.7427042,50.58315498,8.6848672,163.7505046,1.047703784,226.9520981,11.15922723,3.0,192.5690155029297
600.7427111,50.5831516,8.684829093,165.1914479,0.8844631744,228.7422985,11.06634796,3.0,192.53700256347656
601.7427193,50.58314076,8.684837145,164.3921669,0.5275457977,205.9440708,11.15436327,3.0,192.59901428222656
602.7427264,50.58312687,8.684839941,164.9995895,0.6362485294,189.4412191,11.21700182,3.0,192.71701049804688
603.7427334,50.58310489,8.684820219,164.1781835,1.083580275,198.9219799,10.98776918,3.0,193.26100158691406
604.7427405,50.58309118,8.684820408,164.6828035,0.9139556893,195.4787154,11.08220575,3.0,193.35400390625
605.7427473,50.58308056,8.684823861,164.2099939,0.4761016916,187.2458142,11.22235802,3.0,193.3330078125
606.7427548,50.58306955,8.684828641,164.8997197,0.1738548213,187.2458163,11.03985424,3.0,193.32701110839844
607.742762,50.58305208,8.684828203,164.2043808,0.4651463087,187.2458153,10.89520437,3.0,193.281005859375
608.7427696,50.58302953,8.684834491,165.3290367,0.7715275402,171.7804862,10.87777427,3.0,193.12001037597656
609.7427763,50.5830061,8.684828342,164.6490122,0.9618481777,179.477614,10.73489552,3.0,192.92100524902344
610.7427838,50.58298673,8.684828749,165.710125,0.9457275279,170.251936,10.578737,3.0,192.84600830078125
611.7427912,50.58296325,8.684825575,165.2462024,1.144764381,173.7660976,10.44483495,3.0,192.82000732421875
612.742798,50.58294392,8.684823275,165.3864627,1.129778358,172.8906501,10.33041308,3.0,192.73501586914062
613.7428057,50.58292372,8.684836978,165.6749115,1.198711789,165.6823363,10.63473919,3.0,192.7050018310547
614.7428124,50.58290602,8.684844807,165.4232597,1.116295733,161.1667495,10.56728415,3.0,192.66700744628906
615.74282,50.5828964,8.684833421,165.3697421,0.8094842878,165.6404716,10.42234859,3.0,192.38900756835938
616.7428271,50.5828939,8.684810034,165.5442364,0.3685586024,165.7550095,10.34093169,3.0,192.17300415039062
617.7428343,50.58288697,8.684793155,165.7511241,0.2548229828,165.7549973,10.45399831,3.0,192.21400451660156
618.742842,50.58286971,8.68478702,165.5657607,0.3876764884,165.7549932,10.53434899,3.0,192.15701293945312
619.7428493,50.58285619,8.684784874,165.7747349,0.3313064514,165.7549918,10.8302719,3.0,192.14300537109375
620.7428557,50.58282102,8.684793614,165.530088,1.143069779,151.7423109,10.70829841,3.0,192.21200561523438
621.7428633,50.58279784,8.684811255,165.9138788,1.641667491,144.0771956,10.51272987,3.0,192.16900634765625
622.7428705,50.58277111,8.68481843,165.8682471,1.964832049,147.0268264,10.45657334,3.0,192.17901611328125
623.7428771,50.58276669,8.684794369,165.9331543,1.316605998,151.6144519,10.55341489,3.0,192.13600158691406
624.7428849,50.58275693,8.684789066,166.5876993,0.9581441225,148.0221547,10.74167867,3.0,192.22601318359375
625.7428924,50.58274873,8.684780482,166.1887688,0.7677162357,149.646354,10.73553644,3.0,192.135009765625
626.7428995,50.58272029,8.684730131,166.2884306,1.023646171,190.5664869,10.72222916,3.0,192.09600830078125
627.7429065,50.58268778,8.684711287,165.627701,1.388915251,195.2174852,10.7795348,3.0,192.1070098876953
628.7429135,50.58265375,8.68468336,166.9867333,1.359682879,201.790033,10.89086026,3.0,192.07501220703125
629.7429209,50.58262484,8.684661057,166.305594,1.479617111,201.4686758,11.37535997,3.0,192.05101013183594
630.7429283,50.58260872,8.684630042,166.3020697,1.19616269,218.8952137,11.73141128,3.0,192.01400756835938
631.7429358,50.58260043,8.68460629,166.5118107,0.8736645867,237.7041316,12.08029349,3.0,192.00100708007812
632.742943,50.5825865,8.68459385,167.4602843,0.7103852715,236.5506772,12.64577001,3.0,191.92100524902344
633.7429504,50.58255414,8.684487464,167.0398635,1.459905115,243.7765908,13.41176858,3.0,191.7060089111328
634.742957,50.58252748,8.684431739,166.5469267,1.499580775,235.680801,13.18848191,3.0,191.53201293945312
635.7455485,50.5824971,8.684396389,166.5229299,1.124596386,219.3186287,12.96264173,3.106659902,191.44300842285156
636.7446249,50.58247135,8.684386675,166.7046842,0.5672697498,190.7347776,12.38339298,3.219883179,191.37100219726562
637.7446327,50.58245451,8.68438243,166.672579,0.0,183.5888054,11.90871782,3.419248344,191.3780059814453
638.7453274,50.58243794,8.684378143,166.6163447,0.04952834366,183.5888021,11.40138236,3.383826528,191.36700439453125
639.7453423,50.58241879,8.684374501,166.5325194,0.5046121054,176.8961143,11.03998261,3.356853619,191.33401489257812
640.7453496,50.58241937,8.684373725,166.5856259,0.05421468373,175.9561938,10.60390316,3.0948787,191.33401489257812
641.7455825,50.58241953,8.684373679,166.5870631,0.0,175.9561938,10.27091834,3.002394117,191.33401489257812
642.7447165,50.58241259,8.684369788,166.4561598,0.06653491679,175.9561913,9.938939134,3.168349134,191.31300354003906
643.7447244,50.58241282,8.684369761,166.4605138,0.0,175.9561912,9.571769962,3.0,191.31300354003906
644.7453257,50.58241282,8.684369761,166.4605138,0.0,175.9561912,9.33028157,3.0,191.31300354003906
645.745121,50.58241282,8.684369761,166.4605138,0.0,175.9561912,9.136334711,3.0,191.31300354003906
646.7451273,50.58241282,8.684369761,166.4605138,0.0,175.9561912,8.865278048,3.0,191.31300354003906
647.7446431,50.58241282,8.684369761,166.4605138,0.0,175.9561912,8.707239665,3.0,191.31300354003906
648.7446856,50.58240184,8.684369533,166.4520761,0.0,175.9561912,8.623084547,3.0,191.21400451660156
649.7446932,50.58240311,8.684371694,166.6264155,0.0,175.9561926,8.418031248,3.0,191.21400451660156
650.7446998,50.58240311,8.684371694,166.6264155,0.0,175.9561926,8.226327896,3.0,191.21400451660156
651.7447075,50.58240042,8.684367062,166.5312355,0.09849683826,175.9561896,8.040047497,3.0,191.27700805664062
652.7447139,50.5823993,8.684367706,166.6176429,0.1068620683,175.95619,7.858988066,3.0,191.21400451660156
